product_id,product_name,sku,current_barcode,current_barcode_status,candidate_gtin,gtin_type,check_digit_valid,evidence_class,evidence_source,evidence_url_or_reference,market,confidence,proposed_action,human_review_required,notes
"444bc290-5d07-45bf-93ab-03b68554cc32","Aarong Liquid Milk 1ltr","DE-ARG-GEN-1L","DE-ARG-GEN-1L","LEGACY_SKU_COPY","","","false","GTIN_NOT_VERIFIED","","","Bangladesh","LOW","AWAIT_PHYSICAL_PACK_INSPECTION","true","Legacy SKU copy in barcode field; physical pack inspection in store required to record actual manufacturer EAN/UPC"
"3d7c76cf-0b13-423e-be2f-c472982f6cfd","Aarong Standardized Milk 500ml","DE-ARG-SDM-500ML","DE-ARG-SDM-500ML","LEGACY_SKU_COPY","","","false","GTIN_NOT_VERIFIED","","","Bangladesh","LOW","AWAIT_PHYSICAL_PACK_INSPECTION","true","Legacy SKU copy in barcode field; physical pack inspection in store required to record actual manufacturer EAN/UPC"
"279dd4c5-edb0-4365-9ac6-d5cb0729a4f7","ABC Hot Gulai Chicken Flavour - CUP","SN-ABC-GEN-60G","SN-ABC-GEN-60G","LEGACY_SKU_COPY","","","false","GTIN_NOT_VERIFIED","","","Bangladesh","LOW","AWAIT_PHYSICAL_PACK_INSPECTION","true","Legacy SKU copy in barcode field; physical pack inspection in store required to record actual manufacturer EAN/UPC"
"b1a686a7-9f23-47bf-8d78-925af6888271","ACI Chinigura 50KG Loose","RG-ACI-LSE","RG-ACI-LSE","LEGACY_SKU_COPY","","","false","NO_GTIN_FOR_STORE_SOLD_UNIT","Store bulk or loose commodity unit","catalog-identity","Bangladesh","HIGH","PRESERVE_INTERNAL_SKU","true","Lucky Store created loose consumer unit; no individual retail GTIN for this store-sold unit"
"8802ba38-3a89-41c6-96b0-a0ebeb62d9ce","AER Pocket Perfume","AF-AER-PPF","AF-AER-PPF","LEGACY_SKU_COPY","","","false","GTIN_NOT_VERIFIED","","","Bangladesh","LOW","AWAIT_PHYSICAL_PACK_INSPECTION","true","Legacy SKU copy in barcode field; physical pack inspection in store required to record actual manufacturer EAN/UPC"
"255c2229-0c22-4661-af06-3b45ee21393e","AER Room Spray","AF-AER-RSP","AF-AER-RSP","LEGACY_SKU_COPY","","","false","GTIN_NOT_VERIFIED","","","Bangladesh","LOW","AWAIT_PHYSICAL_PACK_INSPECTION","true","Legacy SKU copy in barcode field; physical pack inspection in store required to record actual manufacturer EAN/UPC"
"4eae3dff-5f07-45d9-8c3a-0acd66850061","AMA 3 in 1 Coffee Mix 14gm","DE-AMA-GEN-14G","DE-AMA-GEN-14G","LEGACY_SKU_COPY","","","false","GTIN_NOT_VERIFIED","","","Bangladesh","LOW","AWAIT_PHYSICAL_PACK_INSPECTION","true","Legacy SKU copy in barcode field; physical pack inspection in store required to record actual manufacturer EAN/UPC"
"3448ed8a-9c0b-49ab-b249-f096fbc210c7","AMA Classic Coffee 1gm","DE-AMA-GEN-1G","DE-AMA-GEN-1G","LEGACY_SKU_COPY","","","false","GTIN_NOT_VERIFIED","","","Bangladesh","LOW","AWAIT_PHYSICAL_PACK_INSPECTION","true","Legacy SKU copy in barcode field; physical pack inspection in store required to record actual manufacturer EAN/UPC"
"ac68b2c3-ae76-48e5-8a9a-60d836a92b40","Aril Assorted Lollipop","CC-AR-ASL","CC-AR-ASL","LEGACY_SKU_COPY","","","false","GTIN_NOT_VERIFIED","","","Bangladesh","LOW","AWAIT_PHYSICAL_PACK_INSPECTION","true","Legacy SKU copy in barcode field; physical pack inspection in store required to record actual manufacturer EAN/UPC"
"5fcabfea-eaa1-4a13-a493-3d0051255216","Aril Chewing Gum Box 75pcs","CC-ARL-CHG","CC-ARL-CHG","LEGACY_SKU_COPY","","","false","GTIN_NOT_VERIFIED","","","Bangladesh","LOW","AWAIT_PHYSICAL_PACK_INSPECTION","true","Legacy SKU copy in barcode field; physical pack inspection in store required to record actual manufacturer EAN/UPC"
"01edf1e7-818f-492d-a7c7-c08bd93dda2b","Ata - loose","CK-ATA-LSE","CK-ATA-LSE","LEGACY_SKU_COPY","","","false","GTIN_NOT_VERIFIED","","","Bangladesh","LOW","AWAIT_PHYSICAL_PACK_INSPECTION","true","Legacy SKU copy in barcode field; physical pack inspection in store required to record actual manufacturer EAN/UPC"
"16eece31-f416-4db2-9c0c-371d2696a917","Avonee Pant Style Baby Diaper (9-14Kg) - L 48pcs","BY-AVN-PTS","BY-AVN-PTS","LEGACY_SKU_COPY","","","false","GTIN_NOT_VERIFIED","","","Bangladesh","LOW","AWAIT_PHYSICAL_PACK_INSPECTION","true","Legacy SKU copy in barcode field; physical pack inspection in store required to record actual manufacturer EAN/UPC"
"685b9d11-a04a-4ef4-8753-712b21fdb75b","Awei Data Cable Micro USB (CL-115M)","EL-AWI-GEN","EL-AWI-GEN","LEGACY_SKU_COPY","","","false","GTIN_NOT_VERIFIED","","","Bangladesh","LOW","AWAIT_PHYSICAL_PACK_INSPECTION","true","Legacy SKU copy in barcode field; physical pack inspection in store required to record actual manufacturer EAN/UPC"
"c2954038-a028-46bd-99ee-ebad09f8e939","Axe Apollo Deodorant Body Spray","PC-AXE-GEN","PC-AXE-GEN","LEGACY_SKU_COPY","","","false","GTIN_NOT_VERIFIED","","","Bangladesh","LOW","AWAIT_PHYSICAL_PACK_INSPECTION","true","Legacy SKU copy in barcode field; physical pack inspection in store required to record actual manufacturer EAN/UPC"
"9aaf571a-69a2-4dbf-8bf5-a253f93eaf5a","Axe Black Deodorant Body Spray -150ml","PC-AXE-GEN-150ML","PC-AXE-GEN-150ML","LEGACY_SKU_COPY","","","false","GTIN_NOT_VERIFIED","","","Bangladesh","LOW","AWAIT_PHYSICAL_PACK_INSPECTION","true","Legacy SKU copy in barcode field; physical pack inspection in store required to record actual manufacturer EAN/UPC"
"e63501ef-fdef-487e-8267-051dd5906efa","Axe Musk Deodorant Body Spray - 150ml","PC-AXE-GEN-150ML-1","PC-AXE-GEN-150ML-1","LEGACY_SKU_COPY","","","false","GTIN_NOT_VERIFIED","","","Bangladesh","LOW","AWAIT_PHYSICAL_PACK_INSPECTION","true","Legacy SKU copy in barcode field; physical pack inspection in store required to record actual manufacturer EAN/UPC"
"36d0b0c2-7cb2-4b27-8317-24b9e4842814","Baby Oats Health Paradise","BY-HTP-GEN","BY-HTP-GEN","LEGACY_SKU_COPY","","","false","GTIN_NOT_VERIFIED","","","Bangladesh","LOW","AWAIT_PHYSICAL_PACK_INSPECTION","true","Legacy SKU copy in barcode field; physical pack inspection in store required to record actual manufacturer EAN/UPC"
"119ebe7e-50c8-4916-9a38-8bccfebde485","Bashundhara Facial tissue box 100pcs","PC-BSH-GEN-2","PC-BSH-GEN-2","LEGACY_SKU_COPY","","","false","GTIN_NOT_VERIFIED","","","Bangladesh","LOW","AWAIT_PHYSICAL_PACK_INSPECTION","true","Legacy SKU copy in barcode field; physical pack inspection in store required to record actual manufacturer EAN/UPC"
"a93e393a-801d-4515-99ac-49feb0a3ed74","Bashundhara Facial tissue box 120pcs","PC-BSH-GEN-1","PC-BSH-GEN-1","LEGACY_SKU_COPY","","","false","GTIN_NOT_VERIFIED","","","Bangladesh","LOW","AWAIT_PHYSICAL_PACK_INSPECTION","true","Legacy SKU copy in barcode field; physical pack inspection in store required to record actual manufacturer EAN/UPC"
"2cc1c0bf-d2c0-47d6-9e90-e8d4df02a666","Bashundhara Facial tissue box 150pcs","PC-BSH-GEN","PC-BSH-GEN","LEGACY_SKU_COPY","","","false","GTIN_NOT_VERIFIED","","","Bangladesh","LOW","AWAIT_PHYSICAL_PACK_INSPECTION","true","Legacy SKU copy in barcode field; physical pack inspection in store required to record actual manufacturer EAN/UPC"
"0d968da5-eb17-4900-a6bf-19e7f627069d","Bashundhara Hand Towel 250 Box","PC-BSH-GEN-6","PC-BSH-GEN-6","LEGACY_SKU_COPY","","","false","GTIN_NOT_VERIFIED","","","Bangladesh","LOW","AWAIT_PHYSICAL_PACK_INSPECTION","true","Legacy SKU copy in barcode field; physical pack inspection in store required to record actual manufacturer EAN/UPC"
"b19d0292-620d-40f5-9f14-b9f9d5933305","Bashundhara Hand Towel 250 Poly","PC-BSH-GEN-7","PC-BSH-GEN-7","LEGACY_SKU_COPY","","","false","GTIN_NOT_VERIFIED","","","Bangladesh","LOW","AWAIT_PHYSICAL_PACK_INSPECTION","true","Legacy SKU copy in barcode field; physical pack inspection in store required to record actual manufacturer EAN/UPC"
"37c4d144-19d6-4792-a471-0553481e71df","Bashundhara Hand Towel White 150pcs","PC-BSH-GEN-8","PC-BSH-GEN-8","LEGACY_SKU_COPY","","","false","GTIN_NOT_VERIFIED","","","Bangladesh","LOW","AWAIT_PHYSICAL_PACK_INSPECTION","true","Legacy SKU copy in barcode field; physical pack inspection in store required to record actual manufacturer EAN/UPC"
"1e21b135-feaf-400a-8be8-a92deb3150e3","Bashundhara Kitchen Towel","PC-BSH-KTL","PC-BSH-KTL","LEGACY_SKU_COPY","","","false","GTIN_NOT_VERIFIED","","","Bangladesh","LOW","AWAIT_PHYSICAL_PACK_INSPECTION","true","Legacy SKU copy in barcode field; physical pack inspection in store required to record actual manufacturer EAN/UPC"
"41d82818-c419-48dc-bece-75176b093186","Bashundhara Paper Napkin 100 sheets","PC-BSH-GEN-5","PC-BSH-GEN-5","LEGACY_SKU_COPY","","","false","GTIN_NOT_VERIFIED","","","Bangladesh","LOW","AWAIT_PHYSICAL_PACK_INSPECTION","true","Legacy SKU copy in barcode field; physical pack inspection in store required to record actual manufacturer EAN/UPC"
"3ff58ec3-01fd-454d-9344-329f2edf1e7e","Bashundhara Pocket Tissue Wallet (Per Hanger)","PC-BSH-PTT","PC-BSH-PTT","LEGACY_SKU_COPY","","","false","GTIN_NOT_VERIFIED","","","Bangladesh","LOW","AWAIT_PHYSICAL_PACK_INSPECTION","true","Legacy SKU copy in barcode field; physical pack inspection in store required to record actual manufacturer EAN/UPC"
"68a10007-7e01-4bed-b0de-89c4720392b6","Bashundhara Restaurant Napkin","PC-BSH-RNP","PC-BSH-RNP","LEGACY_SKU_COPY","","","false","GTIN_NOT_VERIFIED","","","Bangladesh","LOW","AWAIT_PHYSICAL_PACK_INSPECTION","true","Legacy SKU copy in barcode field; physical pack inspection in store required to record actual manufacturer EAN/UPC"
"4072b5b2-04a4-410d-8541-137dd82243d1","Bashundhara Toilet Tissue (Gold)","PC-BSH-GEN-4","PC-BSH-GEN-4","LEGACY_SKU_COPY","","","false","GTIN_NOT_VERIFIED","","","Bangladesh","LOW","AWAIT_PHYSICAL_PACK_INSPECTION","true","Legacy SKU copy in barcode field; physical pack inspection in store required to record actual manufacturer EAN/UPC"
"ac215b8e-3ff6-4210-89b2-56f0835fe66d","Bashundhara Toilet Tissue (White)","PC-BSH-GEN-3","PC-BSH-GEN-3","LEGACY_SKU_COPY","","","false","GTIN_NOT_VERIFIED","","","Bangladesh","LOW","AWAIT_PHYSICAL_PACK_INSPECTION","true","Legacy SKU copy in barcode field; physical pack inspection in store required to record actual manufacturer EAN/UPC"
"5d15bf02-ed02-4187-8b62-bca3f235f54f","Basmati (Golden) Banglamoti Loose","RG-BSM-LSE","RG-BSM-LSE","LEGACY_SKU_COPY","","","false","NO_GTIN_FOR_STORE_SOLD_UNIT","Store bulk or loose commodity unit","catalog-identity","Bangladesh","HIGH","PRESERVE_INTERNAL_SKU","true","Lucky Store created loose consumer unit; no individual retail GTIN for this store-sold unit"
"2fd8270d-63ea-4c6e-965c-3673f83b305e","Bellame Peanut Bite Cookies 240g","BC-BLM-PNB-240G","BC-BLM-PNB-240G","LEGACY_SKU_COPY","","","false","GTIN_NOT_VERIFIED","","","Bangladesh","LOW","AWAIT_PHYSICAL_PACK_INSPECTION","true","Legacy SKU copy in barcode field; physical pack inspection in store required to record actual manufacturer EAN/UPC"
"de52edb0-861b-435d-9b7f-ea898b25a112","BelleAme Butter Toast 200g","BC-BLM-BTT-200G","BC-BLM-BTT-200G","LEGACY_SKU_COPY","","","false","GTIN_NOT_VERIFIED","","","Bangladesh","LOW","AWAIT_PHYSICAL_PACK_INSPECTION","true","Legacy SKU copy in barcode field; physical pack inspection in store required to record actual manufacturer EAN/UPC"
"454c2304-e8b0-438f-9782-7fe677c2d490","BelleAme Choco Little Cookies 240g","BC-BLM-CHL-240G","BC-BLM-CHL-240G","LEGACY_SKU_COPY","","","false","GTIN_NOT_VERIFIED","","","Bangladesh","LOW","AWAIT_PHYSICAL_PACK_INSPECTION","true","Legacy SKU copy in barcode field; physical pack inspection in store required to record actual manufacturer EAN/UPC"
"4d20b020-9cd3-4e9d-bada-df2b1fd9e839","BelleAme Chocolate Digestive 135g","BC-BLM-CHD-135G","BC-BLM-CHD-135G","LEGACY_SKU_COPY","","","false","GTIN_NOT_VERIFIED","","","Bangladesh","LOW","AWAIT_PHYSICAL_PACK_INSPECTION","true","Legacy SKU copy in barcode field; physical pack inspection in store required to record actual manufacturer EAN/UPC"
"d2edf551-65b6-4c3b-a034-7ae486761d04","BelleAme Chocolate Fondue Cookie 176g","BC-BLM-CHF-176G","BC-BLM-CHF-176G","LEGACY_SKU_COPY","","","false","GTIN_NOT_VERIFIED","","","Bangladesh","LOW","AWAIT_PHYSICAL_PACK_INSPECTION","true","Legacy SKU copy in barcode field; physical pack inspection in store required to record actual manufacturer EAN/UPC"
"2326e34f-8852-4c53-9b56-2111af41aca9","BelleAme Digestive Biscuit 135g","BC-BLM-DGB-135G","BC-BLM-DGB-135G","LEGACY_SKU_COPY","","","false","GTIN_NOT_VERIFIED","","","Bangladesh","LOW","AWAIT_PHYSICAL_PACK_INSPECTION","true","Legacy SKU copy in barcode field; physical pack inspection in store required to record actual manufacturer EAN/UPC"
"bc7db269-4df6-47cd-933a-2404d446ee7b","Boost Standard Jar 400g","BV-BST-SJ-400G","BV-BST-SJ-400G","LEGACY_SKU_COPY","","","false","GTIN_NOT_VERIFIED","","","Bangladesh","LOW","AWAIT_PHYSICAL_PACK_INSPECTION","true","Legacy SKU copy in barcode field; physical pack inspection in store required to record actual manufacturer EAN/UPC"
"dff50278-b007-4e5e-a8fa-11dd93a23675","Bourbon Cookies -Classic Pack","BC-BRB-GEN","BC-BRB-GEN","LEGACY_SKU_COPY","","","false","GTIN_NOT_VERIFIED","","","Bangladesh","LOW","AWAIT_PHYSICAL_PACK_INSPECTION","true","Legacy SKU copy in barcode field; physical pack inspection in store required to record actual manufacturer EAN/UPC"
"f49fa080-07f8-4ec3-926a-6f64e315802f","Buldak Ramen 2x Spicy","NOO-BUL-DSP","NOO-BUL-DSP","LEGACY_SKU_COPY","","","false","GTIN_NOT_VERIFIED","","","Bangladesh","LOW","AWAIT_PHYSICAL_PACK_INSPECTION","true","Legacy SKU copy in barcode field; physical pack inspection in store required to record actual manufacturer EAN/UPC"
"315a1ef1-49ef-470e-a0ff-818aa0400739","Buldak Ramen 3x Spicy","NOO-BUL-3XS","NOO-BUL-3XS","LEGACY_SKU_COPY","","","false","GTIN_NOT_VERIFIED","","","Bangladesh","LOW","AWAIT_PHYSICAL_PACK_INSPECTION","true","Legacy SKU copy in barcode field; physical pack inspection in store required to record actual manufacturer EAN/UPC"
"0c815bf1-c506-44f5-88dd-b504db60d7af","Buldak Ramen Cheese Cup","NOO-BUL-CHE-CUP","NOO-BUL-CHE-CUP","LEGACY_SKU_COPY","","","false","GTIN_NOT_VERIFIED","","","Bangladesh","LOW","AWAIT_PHYSICAL_PACK_INSPECTION","true","Legacy SKU copy in barcode field; physical pack inspection in store required to record actual manufacturer EAN/UPC"
"e04a2efd-9a26-411a-9984-eaf227f72cdc","Buldak Ramen Cream Carbonara","NOO-BUL-CCA","NOO-BUL-CCA","LEGACY_SKU_COPY","","","false","GTIN_NOT_VERIFIED","","","Bangladesh","LOW","AWAIT_PHYSICAL_PACK_INSPECTION","true","Legacy SKU copy in barcode field; physical pack inspection in store required to record actual manufacturer EAN/UPC"
"b79a6606-3eb8-425e-bf53-57c5788dc7ea","Buldak Ramen Noodles 2x Spicy Cup","NOO-BUL-2XS","NOO-BUL-2XS","LEGACY_SKU_COPY","","","false","GTIN_NOT_VERIFIED","","","Bangladesh","LOW","AWAIT_PHYSICAL_PACK_INSPECTION","true","Legacy SKU copy in barcode field; physical pack inspection in store required to record actual manufacturer EAN/UPC"
"8169739f-dd49-4588-928e-837a22faa388","Buldak Ramen Original","NOO-BUL-ORG","NOO-BUL-ORG","LEGACY_SKU_COPY","","","false","GTIN_NOT_VERIFIED","","","Bangladesh","LOW","AWAIT_PHYSICAL_PACK_INSPECTION","true","Legacy SKU copy in barcode field; physical pack inspection in store required to record actual manufacturer EAN/UPC"
"4bbb76d4-f058-430f-9fd1-87db15d71b5c","Buldak Ramen Original Cup","NOO-BUL-ORG-CUP","NOO-BUL-ORG-CUP","LEGACY_SKU_COPY","","","false","GTIN_NOT_VERIFIED","","","Bangladesh","LOW","AWAIT_PHYSICAL_PACK_INSPECTION","true","Legacy SKU copy in barcode field; physical pack inspection in store required to record actual manufacturer EAN/UPC"
"7fd83cfc-2eac-45d1-aa90-0002ca5a0222","Buldak Ramen Quattro Cheese","NOO-BUL-QTC","NOO-BUL-QTC","LEGACY_SKU_COPY","","","false","GTIN_NOT_VERIFIED","","","Bangladesh","LOW","AWAIT_PHYSICAL_PACK_INSPECTION","true","Legacy SKU copy in barcode field; physical pack inspection in store required to record actual manufacturer EAN/UPC"
"841b013d-e7bd-46a6-9e69-282f84aa2781","Buldak Ramen Rose ","NOO-BUL-ROS","NOO-BUL-ROS","LEGACY_SKU_COPY","","","false","GTIN_NOT_VERIFIED","","","Bangladesh","LOW","AWAIT_PHYSICAL_PACK_INSPECTION","true","Legacy SKU copy in barcode field; physical pack inspection in store required to record actual manufacturer EAN/UPC"
"a3f0d8a1-38f0-4c04-b2fc-e83f930dce35","Cadbury Cocoa Powder Packet - 125g","BK-CDB-CCP-125G","BK-CDB-CCP-125G","LEGACY_SKU_COPY","","","false","GTIN_NOT_VERIFIED","","","Bangladesh","LOW","AWAIT_PHYSICAL_PACK_INSPECTION","true","Legacy SKU copy in barcode field; physical pack inspection in store required to record actual manufacturer EAN/UPC"
"c9296295-c7b3-4e3d-8d3b-bc940de8438f","Center Fresh Chewing Gum","CC-CTR-GEN","CC-CTR-GEN","LEGACY_SKU_COPY","","","false","GTIN_NOT_VERIFIED","","","Bangladesh","LOW","AWAIT_PHYSICAL_PACK_INSPECTION","true","Legacy SKU copy in barcode field; physical pack inspection in store required to record actual manufacturer EAN/UPC"
"2beb6159-4f20-4d34-9a08-a15020ecf4c9","Chicken Sticks -1","SN-CHK-CST","SN-CHK-CST","LEGACY_SKU_COPY","","","false","GTIN_NOT_VERIFIED","","","Bangladesh","LOW","AWAIT_PHYSICAL_PACK_INSPECTION","true","Legacy SKU copy in barcode field; physical pack inspection in store required to record actual manufacturer EAN/UPC"
"8acb5ba5-b086-4ba4-9ebd-19c1997b1ea2","Chocolate Plus - Classic Pack","BC-CHC-CHL","BC-CHC-CHL","LEGACY_SKU_COPY","","","false","GTIN_NOT_VERIFIED","","","Bangladesh","LOW","AWAIT_PHYSICAL_PACK_INSPECTION","true","Legacy SKU copy in barcode field; physical pack inspection in store required to record actual manufacturer EAN/UPC"
"7f83c14e-0e3f-4ffa-bac2-14723131c257","Chona Boot","CK-CHN-GEN","CK-CHN-GEN","LEGACY_SKU_COPY","","","false","GTIN_NOT_VERIFIED","","","Bangladesh","LOW","AWAIT_PHYSICAL_PACK_INSPECTION","true","Legacy SKU copy in barcode field; physical pack inspection in store required to record actual manufacturer EAN/UPC"
"a73e0ab5-00e9-4a1c-b8fa-e74a23d4814d","Chupa Chups Best of Lollipops (6Pcs Bundle) - 72g","CC-CHP-GEN-72G","CC-CHP-GEN-72G","LEGACY_SKU_COPY","","","false","GTIN_NOT_VERIFIED","","","Bangladesh","LOW","AWAIT_PHYSICAL_PACK_INSPECTION","true","Legacy SKU copy in barcode field; physical pack inspection in store required to record actual manufacturer EAN/UPC"
"6556d8e2-ab67-44cf-a0aa-e4c614824531","Clear Shampoo Anti Hair Fall 330ml","PC-CLR-AHF-330ML","PC-CLR-AHF-330ML","LEGACY_SKU_COPY","","","false","GTIN_NOT_VERIFIED","","","Bangladesh","LOW","AWAIT_PHYSICAL_PACK_INSPECTION","true","Legacy SKU copy in barcode field; physical pack inspection in store required to record actual manufacturer EAN/UPC"
"84c251ea-7942-4131-8048-2a8bc68ea76a","Clear Shampoo Complete Active Care 170ml","PC-CLR-CAC-170ML","PC-CLR-CAC-170ML","LEGACY_SKU_COPY","","","false","GTIN_NOT_VERIFIED","","","Bangladesh","LOW","AWAIT_PHYSICAL_PACK_INSPECTION","true","Legacy SKU copy in barcode field; physical pack inspection in store required to record actual manufacturer EAN/UPC"
"c91b3c32-6fb2-4cb8-9fa7-e102965a9f95","Clear Shampoo Complete Active Care 330ml","PC-CLR-CAC-330ML","PC-CLR-CAC-330ML","LEGACY_SKU_COPY","","","false","GTIN_NOT_VERIFIED","","","Bangladesh","LOW","AWAIT_PHYSICAL_PACK_INSPECTION","true","Legacy SKU copy in barcode field; physical pack inspection in store required to record actual manufacturer EAN/UPC"
"a3532e8f-0c4e-4edf-b43c-3aa9e9ad4aaa","Clear Shampoo Complete Active Care 5.5ml","PC-CLR-CAC-55ML","PC-CLR-CAC-55ML","LEGACY_SKU_COPY","","","false","GTIN_NOT_VERIFIED","","","Bangladesh","LOW","AWAIT_PHYSICAL_PACK_INSPECTION","true","Legacy SKU copy in barcode field; physical pack inspection in store required to record actual manufacturer EAN/UPC"
"2ebcbd41-fe91-4277-8a5e-054e13e34e1e","Clear Shampoo Cool Sport Menthol 170ml","PC-CLR-CSM-170ML","PC-CLR-CSM-170ML","LEGACY_SKU_COPY","","","false","GTIN_NOT_VERIFIED","","","Bangladesh","LOW","AWAIT_PHYSICAL_PACK_INSPECTION","true","Legacy SKU copy in barcode field; physical pack inspection in store required to record actual manufacturer EAN/UPC"
"d795a5c1-76c3-4c12-aef2-cc37fbfed256","Clear Shampoo Cool Sport Menthol 330ml","PC-CLR-CSM-330ML","PC-CLR-CSM-330ML","LEGACY_SKU_COPY","","","false","GTIN_NOT_VERIFIED","","","Bangladesh","LOW","AWAIT_PHYSICAL_PACK_INSPECTION","true","Legacy SKU copy in barcode field; physical pack inspection in store required to record actual manufacturer EAN/UPC"
"a1f582a3-96fc-47a7-ae62-b3117b537773","Clear Shampoo Cool Sport Menthol 5ml","PC-CLR-CSM-5ML","PC-CLR-CSM-5ML","LEGACY_SKU_COPY","","","false","GTIN_NOT_VERIFIED","","","Bangladesh","LOW","AWAIT_PHYSICAL_PACK_INSPECTION","true","Legacy SKU copy in barcode field; physical pack inspection in store required to record actual manufacturer EAN/UPC"
"896fe7cd-638a-4bd9-b1c0-29261de51c68","Clear Shampoo Cool Sport Menthol 80ml","PC-CLR-CSM-80ML","PC-CLR-CSM-80ML","LEGACY_SKU_COPY","","","false","GTIN_NOT_VERIFIED","","","Bangladesh","LOW","AWAIT_PHYSICAL_PACK_INSPECTION","true","Legacy SKU copy in barcode field; physical pack inspection in store required to record actual manufacturer EAN/UPC"
"1bc11b33-6a19-4245-8ef1-261179725a21","Close Up Menthol Fresh Toothpaste 145g","PC-CLU-GEN-145G","PC-CLU-GEN-145G","LEGACY_SKU_COPY","","","false","GTIN_NOT_VERIFIED","","","Bangladesh","LOW","AWAIT_PHYSICAL_PACK_INSPECTION","true","Legacy SKU copy in barcode field; physical pack inspection in store required to record actual manufacturer EAN/UPC"
"ca9bad3d-d209-42b4-93b9-465705f89e5c","Close Up Menthol Fresh Toothpaste 38g","PC-CLU-GEN-38G","PC-CLU-GEN-38G","LEGACY_SKU_COPY","","","false","GTIN_NOT_VERIFIED","","","Bangladesh","LOW","AWAIT_PHYSICAL_PACK_INSPECTION","true","Legacy SKU copy in barcode field; physical pack inspection in store required to record actual manufacturer EAN/UPC"
"344b2fe8-9de3-4338-874d-d29c679bec66","Close Up Menthol Fresh Toothpaste 7g","PC-CLU-GEN-7G","PC-CLU-GEN-7G","LEGACY_SKU_COPY","","","false","GTIN_NOT_VERIFIED","","","Bangladesh","LOW","AWAIT_PHYSICAL_PACK_INSPECTION","true","Legacy SKU copy in barcode field; physical pack inspection in store required to record actual manufacturer EAN/UPC"
"70cd1163-32c8-47f9-a2e0-b62b57865827","Close Up Menthol Fresh Toothpaste 85g","PC-CLU-GEN-85G","PC-CLU-GEN-85G","LEGACY_SKU_COPY","","","false","GTIN_NOT_VERIFIED","","","Bangladesh","LOW","AWAIT_PHYSICAL_PACK_INSPECTION","true","Legacy SKU copy in barcode field; physical pack inspection in store required to record actual manufacturer EAN/UPC"
"c1c42ee6-7bad-4306-a7f6-546208d97862","Close Up Toothpaste Sea Salt 140g","PC-CLU-GEN-140G","PC-CLU-GEN-140G","LEGACY_SKU_COPY","","","false","GTIN_NOT_VERIFIED","","","Bangladesh","LOW","AWAIT_PHYSICAL_PACK_INSPECTION","true","Legacy SKU copy in barcode field; physical pack inspection in store required to record actual manufacturer EAN/UPC"
"e4aa82b7-db5f-4f75-85e2-f7080dd7ad8d","Coffee Bite Jar","TC-CFE-GEN","TC-CFE-GEN","LEGACY_SKU_COPY","","","false","GTIN_NOT_VERIFIED","","","Bangladesh","LOW","AWAIT_PHYSICAL_PACK_INSPECTION","true","Legacy SKU copy in barcode field; physical pack inspection in store required to record actual manufacturer EAN/UPC"
"ed4f74c8-0f74-47f0-94e2-a6f874f83f80","Cooking Oil 1L","OIL-001","OIL-001","LEGACY_SKU_COPY","","","false","GTIN_NOT_VERIFIED","","","Bangladesh","LOW","AWAIT_PHYSICAL_PACK_INSPECTION","true","Legacy SKU copy in barcode field; physical pack inspection in store required to record actual manufacturer EAN/UPC"
"4dc60601-5883-4ab4-98a7-d5e8b1ca8adb","Dairy Milk 10gm","CC-CDM-GEN","CC-CDM-GEN","LEGACY_SKU_COPY","","","false","GTIN_NOT_VERIFIED","","","Bangladesh","LOW","AWAIT_PHYSICAL_PACK_INSPECTION","true","Legacy SKU copy in barcode field; physical pack inspection in store required to record actual manufacturer EAN/UPC"
"4741d809-f52c-4561-8b24-c5d8f6bd2776","Dairy Milk 18gm","CC-CDM-GEN-18G","CC-CDM-GEN-18G","LEGACY_SKU_COPY","","","false","GTIN_NOT_VERIFIED","","","Bangladesh","LOW","AWAIT_PHYSICAL_PACK_INSPECTION","true","Legacy SKU copy in barcode field; physical pack inspection in store required to record actual manufacturer EAN/UPC"
"a4914d84-6932-40f3-83bb-8c03d745bdaa","Dairy Milk 40gm","CC-CDM-GEN-40G","CC-CDM-GEN-40G","LEGACY_SKU_COPY","","","false","GTIN_NOT_VERIFIED","","","Bangladesh","LOW","AWAIT_PHYSICAL_PACK_INSPECTION","true","Legacy SKU copy in barcode field; physical pack inspection in store required to record actual manufacturer EAN/UPC"
"9e70a7e1-34f3-4d1b-8d98-add2c1e5f917","Dairy Milk Bubbly 46gm","CC-CDM-GEN-46G","CC-CDM-GEN-46G","LEGACY_SKU_COPY","","","false","GTIN_NOT_VERIFIED","","","Bangladesh","LOW","AWAIT_PHYSICAL_PACK_INSPECTION","true","Legacy SKU copy in barcode field; physical pack inspection in store required to record actual manufacturer EAN/UPC"
"c95cbb89-4fcb-42ea-95e9-2f6ab979458f","Dairy Milk Crispello 19gm","CC-CDM-GEN-19G","CC-CDM-GEN-19G","LEGACY_SKU_COPY","","","false","GTIN_NOT_VERIFIED","","","Bangladesh","LOW","AWAIT_PHYSICAL_PACK_INSPECTION","true","Legacy SKU copy in barcode field; physical pack inspection in store required to record actual manufacturer EAN/UPC"
"29211c8b-ddba-41c1-a04a-32b7e4b12867","Dairy Milk Fuse 21gm","CC-CDM-GEN-21G","CC-CDM-GEN-21G","LEGACY_SKU_COPY","","","false","GTIN_NOT_VERIFIED","","","Bangladesh","LOW","AWAIT_PHYSICAL_PACK_INSPECTION","true","Legacy SKU copy in barcode field; physical pack inspection in store required to record actual manufacturer EAN/UPC"
"ad0c9915-ebe1-4d91-af5f-1b76e006ee2c","Dairy Milk Oreo 58gm","CC-CDM-GEN-58G","CC-CDM-GEN-58G","LEGACY_SKU_COPY","","","false","GTIN_NOT_VERIFIED","","","Bangladesh","LOW","AWAIT_PHYSICAL_PACK_INSPECTION","true","Legacy SKU copy in barcode field; physical pack inspection in store required to record actual manufacturer EAN/UPC"
"608ca8b9-abba-4ff7-8295-a4b6c5601d03","Dairy Milk Perk","CC-CDM-GEN-1","CC-CDM-GEN-1","LEGACY_SKU_COPY","","","false","GTIN_NOT_VERIFIED","","","Bangladesh","LOW","AWAIT_PHYSICAL_PACK_INSPECTION","true","Legacy SKU copy in barcode field; physical pack inspection in store required to record actual manufacturer EAN/UPC"
"3953dc9e-f883-4ed6-96d2-3ce08101efcc","Dairy Milk Roast Almond 52gm","CC-CDM-GEN-52G","CC-CDM-GEN-52G","LEGACY_SKU_COPY","","","false","GTIN_NOT_VERIFIED","","","Bangladesh","LOW","AWAIT_PHYSICAL_PACK_INSPECTION","true","Legacy SKU copy in barcode field; physical pack inspection in store required to record actual manufacturer EAN/UPC"
"d7243ca1-9e0d-49ea-a9d0-44c6535d62a2","Dairy Milk Silk 55gm","CC-CDM-GEN-55G","CC-CDM-GEN-55G","LEGACY_SKU_COPY","","","false","GTIN_NOT_VERIFIED","","","Bangladesh","LOW","AWAIT_PHYSICAL_PACK_INSPECTION","true","Legacy SKU copy in barcode field; physical pack inspection in store required to record actual manufacturer EAN/UPC"
"24eed4b8-e3e3-4a70-ba57-ca6139b861ad","Dairy Milk Silk Fruit & Nut 55gm","CC-CDM-GEN-55G-1","CC-CDM-GEN-55G-1","LEGACY_SKU_COPY","","","false","GTIN_NOT_VERIFIED","","","Bangladesh","LOW","AWAIT_PHYSICAL_PACK_INSPECTION","true","Legacy SKU copy in barcode field; physical pack inspection in store required to record actual manufacturer EAN/UPC"
"94614080-d9d4-4bc7-b726-316b5d2c0096","Dano Daily Pusti 100g","DE-DNO-DPS-100G","DE-DNO-DPS-100G","LEGACY_SKU_COPY","","","false","GTIN_NOT_VERIFIED","","","Bangladesh","LOW","AWAIT_PHYSICAL_PACK_INSPECTION","true","Legacy SKU copy in barcode field; physical pack inspection in store required to record actual manufacturer EAN/UPC"
"b4e513b8-25c5-4f29-bcf9-19b414c19368","Dano Daily Pusti 200g","DE-DNO-DPS-200G","DE-DNO-DPS-200G","LEGACY_SKU_COPY","","","false","GTIN_NOT_VERIFIED","","","Bangladesh","LOW","AWAIT_PHYSICAL_PACK_INSPECTION","true","Legacy SKU copy in barcode field; physical pack inspection in store required to record actual manufacturer EAN/UPC"
"b9f7ef06-0d81-4673-98d1-e4fed548a580","Dano Daily Pusti 500g","DE-DNO-DPS-500G","DE-DNO-DPS-500G","LEGACY_SKU_COPY","","","false","GTIN_NOT_VERIFIED","","","Bangladesh","LOW","AWAIT_PHYSICAL_PACK_INSPECTION","true","Legacy SKU copy in barcode field; physical pack inspection in store required to record actual manufacturer EAN/UPC"
"bc8cac68-c222-4e2b-a309-24ac4eea1fdc","Dano Daily Pusti 50g","DE-DNO-DPS-50G","DE-DNO-DPS-50G","LEGACY_SKU_COPY","","","false","GTIN_NOT_VERIFIED","","","Bangladesh","LOW","AWAIT_PHYSICAL_PACK_INSPECTION","true","Legacy SKU copy in barcode field; physical pack inspection in store required to record actual manufacturer EAN/UPC"
"a79ae214-99d9-4733-a2a4-e022716e1567","Dano Delight 200g","DE-DNO-DLT-200G","DE-DNO-DLT-200G","LEGACY_SKU_COPY","","","false","GTIN_NOT_VERIFIED","","","Bangladesh","LOW","AWAIT_PHYSICAL_PACK_INSPECTION","true","Legacy SKU copy in barcode field; physical pack inspection in store required to record actual manufacturer EAN/UPC"
"31d78d91-7ccd-4559-b381-7d941fbe3eff","Dano Delight 500g","DE-DNO-DLT-500G","DE-DNO-DLT-500G","LEGACY_SKU_COPY","","","false","GTIN_NOT_VERIFIED","","","Bangladesh","LOW","AWAIT_PHYSICAL_PACK_INSPECTION","true","Legacy SKU copy in barcode field; physical pack inspection in store required to record actual manufacturer EAN/UPC"
"d5ea59ff-68d3-4450-a9eb-3186f91fda4f","Dano Power Full Cream Milk Powder 200gm","DE-DNO-PWR-200G","DE-DNO-PWR-200G","LEGACY_SKU_COPY","","","false","GTIN_NOT_VERIFIED","","","Bangladesh","LOW","AWAIT_PHYSICAL_PACK_INSPECTION","true","Legacy SKU copy in barcode field; physical pack inspection in store required to record actual manufacturer EAN/UPC"
"8c09ecf8-5a52-4bcd-8f2c-f0246e3bd798","Dano Power Full Cream Milk Powder 500gm","DE-DNO-PWR-500G","DE-DNO-PWR-500G","LEGACY_SKU_COPY","","","false","GTIN_NOT_VERIFIED","","","Bangladesh","LOW","AWAIT_PHYSICAL_PACK_INSPECTION","true","Legacy SKU copy in barcode field; physical pack inspection in store required to record actual manufacturer EAN/UPC"
"61d8f604-add8-4d28-90c0-c886c70d6b7d","Dano Sterilized Cream - 160g","CK-DNO-STC-160G","CK-DNO-STC-160G","LEGACY_SKU_COPY","","","false","GTIN_NOT_VERIFIED","","","Bangladesh","LOW","AWAIT_PHYSICAL_PACK_INSPECTION","true","Legacy SKU copy in barcode field; physical pack inspection in store required to record actual manufacturer EAN/UPC"
"0464ce66-3439-49aa-9e2b-04620f6291e7","Dano Sterilized Cream - 170g","DY-DNO-STC-170G","DY-DNO-STC-170G","LEGACY_SKU_COPY","","","false","GTIN_NOT_VERIFIED","","","Bangladesh","LOW","AWAIT_PHYSICAL_PACK_INSPECTION","true","Legacy SKU copy in barcode field; physical pack inspection in store required to record actual manufacturer EAN/UPC"
"a59e6e5f-caa0-4b2b-b64f-90dc4f23937a","Detos Nacho Cheese Chips 30g","SN-DTS-NCH-30G","SN-DTS-NCH-30G","LEGACY_SKU_COPY","","","false","GTIN_NOT_VERIFIED","","","Bangladesh","LOW","AWAIT_PHYSICAL_PACK_INSPECTION","true","Legacy SKU copy in barcode field; physical pack inspection in store required to record actual manufacturer EAN/UPC"
"e8442f28-161e-4e45-a516-df826f901969","Detos Sweet Chilli Chips 30g","SN-DTS-SWC-30G","SN-DTS-SWC-30G","LEGACY_SKU_COPY","","","false","GTIN_NOT_VERIFIED","","","Bangladesh","LOW","AWAIT_PHYSICAL_PACK_INSPECTION","true","Legacy SKU copy in barcode field; physical pack inspection in store required to record actual manufacturer EAN/UPC"
"c4578c4e-ac57-447b-b592-51b3d3a22889","Dettol Bodywash","PC-DTL-GEN","PC-DTL-GEN","LEGACY_SKU_COPY","","","false","GTIN_NOT_VERIFIED","","","Bangladesh","LOW","AWAIT_PHYSICAL_PACK_INSPECTION","true","Legacy SKU copy in barcode field; physical pack inspection in store required to record actual manufacturer EAN/UPC"
"e02fc3c1-fb88-4c8c-8368-9e2ee3b17971","Digestive -Standard Pack","BC-DIG-GEN","BC-DIG-GEN","LEGACY_SKU_COPY","","","false","GTIN_NOT_VERIFIED","","","Bangladesh","LOW","AWAIT_PHYSICAL_PACK_INSPECTION","true","Legacy SKU copy in barcode field; physical pack inspection in store required to record actual manufacturer EAN/UPC"
"30559d5c-638d-421a-adf5-8f9929db2c3f","Diploma Instant Full Cream Milk Powder  1kg","DY-DIP-GEN-1KG","DY-DIP-GEN-1KG","LEGACY_SKU_COPY","","","false","GTIN_NOT_VERIFIED","","","Bangladesh","LOW","AWAIT_PHYSICAL_PACK_INSPECTION","true","Legacy SKU copy in barcode field; physical pack inspection in store required to record actual manufacturer EAN/UPC"
"6cc6a653-0e68-4792-9cad-0cd45ecfef00","Diploma Instant Full Cream Milk Powder  200g","DY-DIP-GEN-200G","DY-DIP-GEN-200G","LEGACY_SKU_COPY","","","false","GTIN_NOT_VERIFIED","","","Bangladesh","LOW","AWAIT_PHYSICAL_PACK_INSPECTION","true","Legacy SKU copy in barcode field; physical pack inspection in store required to record actual manufacturer EAN/UPC"
"95c86e99-34c8-4ed3-823d-2ca8446fdbd9","Diploma Instant Full Cream Milk Powder  500g","DY-DIP-GEN-500G","DY-DIP-GEN-500G","LEGACY_SKU_COPY","","","false","GTIN_NOT_VERIFIED","","","Bangladesh","LOW","AWAIT_PHYSICAL_PACK_INSPECTION","true","Legacy SKU copy in barcode field; physical pack inspection in store required to record actual manufacturer EAN/UPC"
"8f221a68-ae53-49ac-957a-f7431171a7c0","Domex 500ml","CL-DMX-GEN-500ML","CL-DMX-GEN-500ML","LEGACY_SKU_COPY","","","false","GTIN_NOT_VERIFIED","","","Bangladesh","LOW","AWAIT_PHYSICAL_PACK_INSPECTION","true","Legacy SKU copy in barcode field; physical pack inspection in store required to record actual manufacturer EAN/UPC"
"9dda25e9-876a-46e6-8406-d78b82c0b60e","Domex 750ml","CL-DMX-GEN-750ML","CL-DMX-GEN-750ML","LEGACY_SKU_COPY","","","false","GTIN_NOT_VERIFIED","","","Bangladesh","LOW","AWAIT_PHYSICAL_PACK_INSPECTION","true","Legacy SKU copy in barcode field; physical pack inspection in store required to record actual manufacturer EAN/UPC"
"ce560b3f-07bc-4b18-9469-915f01cc72c7","Doodles Instant Noodles Masala 62g (12 Pack)","SN-DOD-GEN-62G-2","SN-DOD-GEN-62G-2","LEGACY_SKU_COPY","","","false","GTIN_NOT_VERIFIED","","","Bangladesh","LOW","AWAIT_PHYSICAL_PACK_INSPECTION","true","Legacy SKU copy in barcode field; physical pack inspection in store required to record actual manufacturer EAN/UPC"
"4fa3ff74-fd5e-435a-a5b4-bd4968018c0c","Doodles Instant Noodles Masala 62g (24 Pack)","SN-DOD-GEN-62G-1","SN-DOD-GEN-62G-1","LEGACY_SKU_COPY","","","false","GTIN_NOT_VERIFIED","","","Bangladesh","LOW","AWAIT_PHYSICAL_PACK_INSPECTION","true","Legacy SKU copy in barcode field; physical pack inspection in store required to record actual manufacturer EAN/UPC"
"13b4aa6f-d23d-4b84-a400-1743350c08b4","Doodles Instant Noodles Masala 62g (8 Pack)","SN-DOD-GEN-62G","SN-DOD-GEN-62G","LEGACY_SKU_COPY","","","false","GTIN_NOT_VERIFIED","","","Bangladesh","LOW","AWAIT_PHYSICAL_PACK_INSPECTION","true","Legacy SKU copy in barcode field; physical pack inspection in store required to record actual manufacturer EAN/UPC"
"996c03c9-e79f-4720-bde7-7ccb5364dfa5","Doodles Instant Noodles Ramen 62g (4 Pack)","SN-DOD-GEN-62G-3","SN-DOD-GEN-62G-3","LEGACY_SKU_COPY","","","false","GTIN_NOT_VERIFIED","","","Bangladesh","LOW","AWAIT_PHYSICAL_PACK_INSPECTION","true","Legacy SKU copy in barcode field; physical pack inspection in store required to record actual manufacturer EAN/UPC"
"622f5405-bb9c-464b-8f7d-56b8838586a0","Doodles Instant Noodles Ramen 62g (8 Pack)","SN-DOD-GEN-62G-4","SN-DOD-GEN-62G-4","LEGACY_SKU_COPY","","","false","GTIN_NOT_VERIFIED","","","Bangladesh","LOW","AWAIT_PHYSICAL_PACK_INSPECTION","true","Legacy SKU copy in barcode field; physical pack inspection in store required to record actual manufacturer EAN/UPC"
"171dec14-87ca-412d-b37e-183e0dd79add","Doodles Stick Noodles 150g","SN-DOD-GEN-150G","SN-DOD-GEN-150G","LEGACY_SKU_COPY","","","false","GTIN_NOT_VERIFIED","","","Bangladesh","LOW","AWAIT_PHYSICAL_PACK_INSPECTION","true","Legacy SKU copy in barcode field; physical pack inspection in store required to record actual manufacturer EAN/UPC"
"1a1789e5-3103-4bd0-a7b8-9cc72754152a","Doodles Stick Noodles Chicken Delight 300g","SN-DOD-DLT-300G","SN-DOD-DLT-300G","LEGACY_SKU_COPY","","","false","GTIN_NOT_VERIFIED","","","Bangladesh","LOW","AWAIT_PHYSICAL_PACK_INSPECTION","true","Legacy SKU copy in barcode field; physical pack inspection in store required to record actual manufacturer EAN/UPC"
"fd1ecb57-3e02-4353-a51f-ff829d15ec9f","Dove Conditioner Hairfall Rescue 170ml","PC-DOV-HFR-170ML-1","PC-DOV-HFR-170ML-1","LEGACY_SKU_COPY","","","false","GTIN_NOT_VERIFIED","","","Bangladesh","LOW","AWAIT_PHYSICAL_PACK_INSPECTION","true","Legacy SKU copy in barcode field; physical pack inspection in store required to record actual manufacturer EAN/UPC"
"a0e370df-8e43-4368-ac84-b083b96cce2f","Dove Conditioner Intensive Repair 50ml","PC-DOV-INR-50ML","PC-DOV-INR-50ML","LEGACY_SKU_COPY","","","false","GTIN_NOT_VERIFIED","","","Bangladesh","LOW","AWAIT_PHYSICAL_PACK_INSPECTION","true","Legacy SKU copy in barcode field; physical pack inspection in store required to record actual manufacturer EAN/UPC"
"3d72a47b-ff8e-44fa-9589-6c6c7b5eb88c","Dove Conditioner Intensive Repair 7ml","PC-DOV-INR-7ML","PC-DOV-INR-7ML","LEGACY_SKU_COPY","","","false","GTIN_NOT_VERIFIED","","","Bangladesh","LOW","AWAIT_PHYSICAL_PACK_INSPECTION","true","Legacy SKU copy in barcode field; physical pack inspection in store required to record actual manufacturer EAN/UPC"
"8b855997-21c8-422e-8415-261606d40284","Dove Cream Bar 135g","PC-DOV-CRM-135G","PC-DOV-CRM-135G","LEGACY_SKU_COPY","","","false","GTIN_NOT_VERIFIED","","","Bangladesh","LOW","AWAIT_PHYSICAL_PACK_INSPECTION","true","Legacy SKU copy in barcode field; physical pack inspection in store required to record actual manufacturer EAN/UPC"
"9da28496-dc50-40e4-914d-3b0860f7466a","Dove Cream Bar 50g","PC-DOV-CRM-50G","PC-DOV-CRM-50G","LEGACY_SKU_COPY","","","false","GTIN_NOT_VERIFIED","","","Bangladesh","LOW","AWAIT_PHYSICAL_PACK_INSPECTION","true","Legacy SKU copy in barcode field; physical pack inspection in store required to record actual manufacturer EAN/UPC"
"64a50d78-5de7-4b87-a7a1-ce1cda556ee0","Dove Cream Bar 90g","PC-DOV-CRM-90G","PC-DOV-CRM-90G","LEGACY_SKU_COPY","","","false","GTIN_NOT_VERIFIED","","","Bangladesh","LOW","AWAIT_PHYSICAL_PACK_INSPECTION","true","Legacy SKU copy in barcode field; physical pack inspection in store required to record actual manufacturer EAN/UPC"
"35c65247-aba4-4d06-861c-1f61fa450e76","Dove Cream Pink Bar 135g","PC-DOV-PN-135G","PC-DOV-PN-135G","LEGACY_SKU_COPY","","","false","GTIN_NOT_VERIFIED","","","Bangladesh","LOW","AWAIT_PHYSICAL_PACK_INSPECTION","true","Legacy SKU copy in barcode field; physical pack inspection in store required to record actual manufacturer EAN/UPC"
"e489f2a6-100b-46fc-a010-a3f08557a1a9","Dove Cream Pink Bar 90g","PC-DOV-PN-90G","PC-DOV-PN-90G","LEGACY_SKU_COPY","","","false","GTIN_NOT_VERIFIED","","","Bangladesh","LOW","AWAIT_PHYSICAL_PACK_INSPECTION","true","Legacy SKU copy in barcode field; physical pack inspection in store required to record actual manufacturer EAN/UPC"
"5f7bf5ac-0fef-404f-80c8-2e6caee90e0d","Dove Shampoo Hairfall Rescue 170ml","PC-DOV-HFR-170ML","PC-DOV-HFR-170ML","LEGACY_SKU_COPY","","","false","GTIN_NOT_VERIFIED","","","Bangladesh","LOW","AWAIT_PHYSICAL_PACK_INSPECTION","true","Legacy SKU copy in barcode field; physical pack inspection in store required to record actual manufacturer EAN/UPC"
"ca3a462d-3327-4cd3-867e-1ccf2d992b8f","Dove Shampoo Hairfall Rescue 6ml","PC-DOV-HFR-6ML","PC-DOV-HFR-6ML","LEGACY_SKU_COPY","","","false","GTIN_NOT_VERIFIED","","","Bangladesh","LOW","AWAIT_PHYSICAL_PACK_INSPECTION","true","Legacy SKU copy in barcode field; physical pack inspection in store required to record actual manufacturer EAN/UPC"
"e713300d-1352-473d-aae8-7a0eecca4e26","Dove Shampoo Intensive Repair 170ml","PC-DOV-INR-170ML","PC-DOV-INR-170ML","LEGACY_SKU_COPY","","","false","GTIN_NOT_VERIFIED","","","Bangladesh","LOW","AWAIT_PHYSICAL_PACK_INSPECTION","true","Legacy SKU copy in barcode field; physical pack inspection in store required to record actual manufacturer EAN/UPC"
"0cb22302-74ab-4769-bde2-1a3667f00750","Dove Shampoo Intensive Repair 330ml","PC-DOV-INR-330ML-1","PC-DOV-INR-330ML-1","LEGACY_SKU_COPY","","","false","GTIN_NOT_VERIFIED","","","Bangladesh","LOW","AWAIT_PHYSICAL_PACK_INSPECTION","true","Legacy SKU copy in barcode field; physical pack inspection in store required to record actual manufacturer EAN/UPC"
"6e4bb7c3-bea2-40e8-af06-12cdf83b27c4","Dove Shampoo Intensive Repair 330ml","PC-DOV-INR-330ML","PC-DOV-INR-330ML","LEGACY_SKU_COPY","","","false","GTIN_NOT_VERIFIED","","","Bangladesh","LOW","AWAIT_PHYSICAL_PACK_INSPECTION","true","Legacy SKU copy in barcode field; physical pack inspection in store required to record actual manufacturer EAN/UPC"
"43d35e6b-2764-42eb-9d2c-9a6b75a26d75","Dove Shampoo Intensive Repair 6ml","PC-DOV-INR-6ML","PC-DOV-INR-6ML","LEGACY_SKU_COPY","","","false","GTIN_NOT_VERIFIED","","","Bangladesh","LOW","AWAIT_PHYSICAL_PACK_INSPECTION","true","Legacy SKU copy in barcode field; physical pack inspection in store required to record actual manufacturer EAN/UPC"
"7e08c7fe-f39d-4ea7-a676-2860b3adce1d","Dove Shampoo Nourishing Oil 170ml","PC-DOV-NRO-170ML","PC-DOV-NRO-170ML","LEGACY_SKU_COPY","","","false","GTIN_NOT_VERIFIED","","","Bangladesh","LOW","AWAIT_PHYSICAL_PACK_INSPECTION","true","Legacy SKU copy in barcode field; physical pack inspection in store required to record actual manufacturer EAN/UPC"
"fcbb42d0-d124-4ec7-b95e-50af74dd3836","Dove Shampoo Oxygen Moisture 330ml","PC-DOV-OXM-330ML","PC-DOV-OXM-330ML","LEGACY_SKU_COPY","","","false","GTIN_NOT_VERIFIED","","","Bangladesh","LOW","AWAIT_PHYSICAL_PACK_INSPECTION","true","Legacy SKU copy in barcode field; physical pack inspection in store required to record actual manufacturer EAN/UPC"
"7a112cfb-b767-454e-abb4-bffc88b19825","Dry Cake","BC-DRY-DRC","BC-DRY-DRC","LEGACY_SKU_COPY","","","false","GTIN_NOT_VERIFIED","","","Bangladesh","LOW","AWAIT_PHYSICAL_PACK_INSPECTION","true","Legacy SKU copy in barcode field; physical pack inspection in store required to record actual manufacturer EAN/UPC"
"d9dd0baa-0476-4d88-b64f-1a0a9ac35cc3","Dry Cake (300g)","BC-KZF-DRC-300G","BC-KZF-DRC-300G","LEGACY_SKU_COPY","","","false","GTIN_NOT_VERIFIED","","","Bangladesh","LOW","AWAIT_PHYSICAL_PACK_INSPECTION","true","Legacy SKU copy in barcode field; physical pack inspection in store required to record actual manufacturer EAN/UPC"
"c2d28927-cda4-4be0-8079-997fb4a805fe","Eggs - Red (Loose)","DE-EGG-LSE","DE-EGG-LSE","LEGACY_SKU_COPY","","","false","GTIN_NOT_VERIFIED","","","Bangladesh","LOW","AWAIT_PHYSICAL_PACK_INSPECTION","true","Legacy SKU copy in barcode field; physical pack inspection in store required to record actual manufacturer EAN/UPC"
"d89dbd0e-b520-427d-ba3a-192ee020f712","Eggs - White (Loose)","DE-EGG-LSE-1","DE-EGG-LSE-1","LEGACY_SKU_COPY","","","false","GTIN_NOT_VERIFIED","","","Bangladesh","LOW","AWAIT_PHYSICAL_PACK_INSPECTION","true","Legacy SKU copy in barcode field; physical pack inspection in store required to record actual manufacturer EAN/UPC"
"067da398-cb65-45c9-9699-bff6f336acbe","Eggs (12 pcs)","EGGS-001","EGGS-001","LEGACY_SKU_COPY","","","false","GTIN_NOT_VERIFIED","","","Bangladesh","LOW","AWAIT_PHYSICAL_PACK_INSPECTION","true","Legacy SKU copy in barcode field; physical pack inspection in store required to record actual manufacturer EAN/UPC"
"da4a3060-68ab-4c84-a723-1c8326f161e7","Energy Plus - Family Pack","BC-ENG-GEN-1","BC-ENG-GEN-1","LEGACY_SKU_COPY","","","false","GTIN_NOT_VERIFIED","","","Bangladesh","LOW","AWAIT_PHYSICAL_PACK_INSPECTION","true","Legacy SKU copy in barcode field; physical pack inspection in store required to record actual manufacturer EAN/UPC"
"5969b067-3bde-43b6-98af-479d5afc089b","Energy Plus - Standard Pack","BC-ENG-GEN","BC-ENG-GEN","LEGACY_SKU_COPY","","","false","GTIN_NOT_VERIFIED","","","Bangladesh","LOW","AWAIT_PHYSICAL_PACK_INSPECTION","true","Legacy SKU copy in barcode field; physical pack inspection in store required to record actual manufacturer EAN/UPC"
"4b45fe10-1e23-42ae-bd94-6a7a68210bae","Expert Shampoo Hair Color 5g","PC-EXP-HRC-5G","PC-EXP-HRC-5G","LEGACY_SKU_COPY","","","false","GTIN_NOT_VERIFIED","","","Bangladesh","LOW","AWAIT_PHYSICAL_PACK_INSPECTION","true","Legacy SKU copy in barcode field; physical pack inspection in store required to record actual manufacturer EAN/UPC"
"51d71944-414e-4730-8ef3-4db7410820e1","Expert Shampoo Hair Color 9g","PC-EXP-HRC-9G","PC-EXP-HRC-9G","LEGACY_SKU_COPY","","","false","GTIN_NOT_VERIFIED","","","Bangladesh","LOW","AWAIT_PHYSICAL_PACK_INSPECTION","true","Legacy SKU copy in barcode field; physical pack inspection in store required to record actual manufacturer EAN/UPC"
"ceaed13c-e3f9-4026-9b2b-0df2d9aef085","Foodie Masala Noodles 12 Pack","PF-FDI-GEN-1","PF-FDI-GEN-1","LEGACY_SKU_COPY","","","false","GTIN_NOT_VERIFIED","","","Bangladesh","LOW","AWAIT_PHYSICAL_PACK_INSPECTION","true","Legacy SKU copy in barcode field; physical pack inspection in store required to record actual manufacturer EAN/UPC"
"f023103d-3a5c-4983-a8b7-8e4a2ff391e1","Foodie Masala Noodles 8 Pack","PF-FDI-GEN","PF-FDI-GEN","LEGACY_SKU_COPY","","","false","GTIN_NOT_VERIFIED","","","Bangladesh","LOW","AWAIT_PHYSICAL_PACK_INSPECTION","true","Legacy SKU copy in barcode field; physical pack inspection in store required to record actual manufacturer EAN/UPC"
"41c9ad69-3879-4991-95d4-8b45a7b8d655","Fortune Basmati Rice 1KG","RG-FRT-GEN","RG-FRT-GEN","LEGACY_SKU_COPY","","","false","GTIN_NOT_VERIFIED","","","Bangladesh","LOW","AWAIT_PHYSICAL_PACK_INSPECTION","true","Legacy SKU copy in barcode field; physical pack inspection in store required to record actual manufacturer EAN/UPC"
"1465d07a-da18-4bc7-a22b-816da50bf241","Fortune Mustard Oil 1L","OL-FRT-GEN-1L","OL-FRT-GEN-1L","LEGACY_SKU_COPY","","","false","GTIN_NOT_VERIFIED","","","Bangladesh","LOW","AWAIT_PHYSICAL_PACK_INSPECTION","true","Legacy SKU copy in barcode field; physical pack inspection in store required to record actual manufacturer EAN/UPC"
"54cc83f8-a758-4ca3-8361-2181c93cb2d3","Fortune Mustard Oil 250ml","OL-FRT-GEN-250ML","OL-FRT-GEN-250ML","LEGACY_SKU_COPY","","","false","GTIN_NOT_VERIFIED","","","Bangladesh","LOW","AWAIT_PHYSICAL_PACK_INSPECTION","true","Legacy SKU copy in barcode field; physical pack inspection in store required to record actual manufacturer EAN/UPC"
"b8a7c6c6-c515-4e9e-99b9-d4d38e1a6354","Fortune Mustard Oil 5L","OL-FRT-GEN-5L","OL-FRT-GEN-5L","LEGACY_SKU_COPY","8906007281898","GTIN-13","true","VERIFIED_PACKAGING","On-pack jerry can barcode (BEOL / Fortune)","fortune-pack-b8a7c6c6","Bangladesh","HIGH","REPLACE_LEGACY_BARCODE","true","Exact 5L poly jerry can with handle"
"547578ef-ffb9-43ac-8543-252b10c646f0","Fortune Mustard Oil 80ml","OL-FRT-GEN-80ML","OL-FRT-GEN-80ML","LEGACY_SKU_COPY","","","false","GTIN_NOT_VERIFIED","","","Bangladesh","LOW","AWAIT_PHYSICAL_PACK_INSPECTION","true","Legacy SKU copy in barcode field; physical pack inspection in store required to record actual manufacturer EAN/UPC"
"0e84cad3-d77d-47d8-aad1-a1dcac20179e","Fortune Rice Bran Oil 2L","OL-FRT-RBO-2L","OL-FRT-RBO-2L","LEGACY_SKU_COPY","","","false","GTIN_NOT_VERIFIED","","","Bangladesh","LOW","AWAIT_PHYSICAL_PACK_INSPECTION","true","Legacy SKU copy in barcode field; physical pack inspection in store required to record actual manufacturer EAN/UPC"
"85348615-f765-4b5d-9369-ddabf0dfe842","Fortune Rice Bran Oil 5L","OL-FRT-RBO-5L","OL-FRT-RBO-5L","LEGACY_SKU_COPY","","","false","GTIN_NOT_VERIFIED","","","Bangladesh","LOW","AWAIT_PHYSICAL_PACK_INSPECTION","true","Legacy SKU copy in barcode field; physical pack inspection in store required to record actual manufacturer EAN/UPC"
"48fb734e-a00f-4bf7-a0eb-27f4d887e565","Foster Clarks Baking Powder - 225gm","BK-FST-BKP-225G","BK-FST-BKP-225G","LEGACY_SKU_COPY","","","false","GTIN_NOT_VERIFIED","","","Bangladesh","LOW","AWAIT_PHYSICAL_PACK_INSPECTION","true","Legacy SKU copy in barcode field; physical pack inspection in store required to record actual manufacturer EAN/UPC"
"b623976e-4f16-44f5-bbfd-84d0ae3b290e","Freedom Sanitary Napkin Heavy Flow Wings - 16Pads","BY-FRD-SNN","BY-FRD-SNN","LEGACY_SKU_COPY","","","false","GTIN_NOT_VERIFIED","","","Bangladesh","LOW","AWAIT_PHYSICAL_PACK_INSPECTION","true","Legacy SKU copy in barcode field; physical pack inspection in store required to record actual manufacturer EAN/UPC"
"ead2ba9a-ac6c-468a-9ba7-c37d680df38c","Fresh Milk 1L","MILK-001","MILK-001","LEGACY_SKU_COPY","","","false","GTIN_NOT_VERIFIED","","","Bangladesh","LOW","AWAIT_PHYSICAL_PACK_INSPECTION","true","Legacy SKU copy in barcode field; physical pack inspection in store required to record actual manufacturer EAN/UPC"
"1217dc9e-27a9-4329-80f9-0238736ce1bd","Garlic - roshun","CK-GRL-GEN","CK-GRL-GEN","LEGACY_SKU_COPY","","","false","GTIN_NOT_VERIFIED","","","Bangladesh","LOW","AWAIT_PHYSICAL_PACK_INSPECTION","true","Legacy SKU copy in barcode field; physical pack inspection in store required to record actual manufacturer EAN/UPC"
"860e52f9-0705-4c55-ab99-ad0e7d848c26","Ginger - ada","CK-GIN-GEN","CK-GIN-GEN","LEGACY_SKU_COPY","","","false","GTIN_NOT_VERIFIED","","","Bangladesh","LOW","AWAIT_PHYSICAL_PACK_INSPECTION","true","Legacy SKU copy in barcode field; physical pack inspection in store required to record actual manufacturer EAN/UPC"
"12621380-1811-4f22-a618-c57a3bed39eb","Glucose 350g","BV-GLU-GEN-350G","BV-GLU-GEN-350G","LEGACY_SKU_COPY","","","false","GTIN_NOT_VERIFIED","","","Bangladesh","LOW","AWAIT_PHYSICAL_PACK_INSPECTION","true","Legacy SKU copy in barcode field; physical pack inspection in store required to record actual manufacturer EAN/UPC"
"57744029-2a39-488d-a890-60bcf3a5d4fc","Glucose mini","BV-GLU-MNI","BV-GLU-MNI","LEGACY_SKU_COPY","","","false","GTIN_NOT_VERIFIED","","","Bangladesh","LOW","AWAIT_PHYSICAL_PACK_INSPECTION","true","Legacy SKU copy in barcode field; physical pack inspection in store required to record actual manufacturer EAN/UPC"
"c29a41c7-2a29-41ae-8726-debf619fc518","Go & Handsome Facewash Men 100g","PC-GAL-GHF-100G","PC-GAL-GHF-100G","LEGACY_SKU_COPY","","","false","GTIN_NOT_VERIFIED","","","Bangladesh","LOW","AWAIT_PHYSICAL_PACK_INSPECTION","true","Legacy SKU copy in barcode field; physical pack inspection in store required to record actual manufacturer EAN/UPC"
"7d49c535-004b-478e-92ea-f926f47b2a16","Go & Handsome Facewash Men 50g","PC-GAL-GHF-50G","PC-GAL-GHF-50G","LEGACY_SKU_COPY","","","false","GTIN_NOT_VERIFIED","","","Bangladesh","LOW","AWAIT_PHYSICAL_PACK_INSPECTION","true","Legacy SKU copy in barcode field; physical pack inspection in store required to record actual manufacturer EAN/UPC"
"0d79eecb-30e3-4f60-81e4-3764c1adfebf","Go & Handsome Skin Cream Men 25g","PC-GAL-GHC-25G","PC-GAL-GHC-25G","LEGACY_SKU_COPY","","","false","GTIN_NOT_VERIFIED","","","Bangladesh","LOW","AWAIT_PHYSICAL_PACK_INSPECTION","true","Legacy SKU copy in barcode field; physical pack inspection in store required to record actual manufacturer EAN/UPC"
"f7a4c23c-ba32-443d-927d-37400e5969fc","Go & Handsome Skin Cream Men 50g","PC-GAL-GHC-50G","PC-GAL-GHC-50G","LEGACY_SKU_COPY","","","false","GTIN_NOT_VERIFIED","","","Bangladesh","LOW","AWAIT_PHYSICAL_PACK_INSPECTION","true","Legacy SKU copy in barcode field; physical pack inspection in store required to record actual manufacturer EAN/UPC"
"d6fffdc3-edbb-42d6-8b9e-fb7026677ab4","Godrej Black Hit (200ml)","PE-GDJ-GEN-200ML","PE-GDJ-GEN-200ML","LEGACY_SKU_COPY","","","false","GTIN_NOT_VERIFIED","","","Bangladesh","LOW","AWAIT_PHYSICAL_PACK_INSPECTION","true","Legacy SKU copy in barcode field; physical pack inspection in store required to record actual manufacturer EAN/UPC"
"9e215a77-03ad-4ebe-971c-cfead3cacdc1","Godrej Black Hit/Lime (475ml)","PE-GDJ-GEN-475ML","PE-GDJ-GEN-475ML","LEGACY_SKU_COPY","","","false","GTIN_NOT_VERIFIED","","","Bangladesh","LOW","AWAIT_PHYSICAL_PACK_INSPECTION","true","Legacy SKU copy in barcode field; physical pack inspection in store required to record actual manufacturer EAN/UPC"
"d79bfd53-92f8-4a7c-9c52-b8a69aa8ea77","Godrej Good Knight Power Activ+ (Machine + Refill)","PE-GDJ-PAC","PE-GDJ-PAC","LEGACY_SKU_COPY","","","false","GTIN_NOT_VERIFIED","","","Bangladesh","LOW","AWAIT_PHYSICAL_PACK_INSPECTION","true","Legacy SKU copy in barcode field; physical pack inspection in store required to record actual manufacturer EAN/UPC"
"48c01eeb-27c7-41e3-9496-07ba00aea0a9","Godrej Good Knigth Bullet (Machine+Refill)","PE-GDJ-BLT","PE-GDJ-BLT","LEGACY_SKU_COPY","","","false","GTIN_NOT_VERIFIED","","","Bangladesh","LOW","AWAIT_PHYSICAL_PACK_INSPECTION","true","Legacy SKU copy in barcode field; physical pack inspection in store required to record actual manufacturer EAN/UPC"
"afa42eba-181b-4f2c-b7b5-11551d5a05a4","Godrej Magic Handwash Refill","PC-GDJ-MGR","PC-GDJ-MGR","LEGACY_SKU_COPY","","","false","GTIN_NOT_VERIFIED","","","Bangladesh","LOW","AWAIT_PHYSICAL_PACK_INSPECTION","true","Legacy SKU copy in barcode field; physical pack inspection in store required to record actual manufacturer EAN/UPC"
"44c09478-b51b-4e61-89a6-2c9163cc5efe","Godrej Powder Hair Dye Black 3g","PC-GDJ-PWD-3G","PC-GDJ-PWD-3G","LEGACY_SKU_COPY","","","false","GTIN_NOT_VERIFIED","","","Bangladesh","LOW","AWAIT_PHYSICAL_PACK_INSPECTION","true","Legacy SKU copy in barcode field; physical pack inspection in store required to record actual manufacturer EAN/UPC"
"c4745e1f-5f34-462a-ace7-cfeb21ad34ff","Godrej Red HIT (200ml)","PE-GDJ-RHI-200ML","PE-GDJ-RHI-200ML","LEGACY_SKU_COPY","","","false","GTIN_NOT_VERIFIED","","","Bangladesh","LOW","AWAIT_PHYSICAL_PACK_INSPECTION","true","Legacy SKU copy in barcode field; physical pack inspection in store required to record actual manufacturer EAN/UPC"
"c111c6aa-bb4c-4839-8d58-dad7f8444316","Godrej Red Hit (400ml)","PE-GDJ-RHI-400ML","PE-GDJ-RHI-400ML","LEGACY_SKU_COPY","","","false","GTIN_NOT_VERIFIED","","","Bangladesh","LOW","AWAIT_PHYSICAL_PACK_INSPECTION","true","Legacy SKU copy in barcode field; physical pack inspection in store required to record actual manufacturer EAN/UPC"
"0a61cf45-ad13-464a-a8db-1f69a5c780a0","Godrej Soap","PC-GDJ-GEN","PC-GDJ-GEN","LEGACY_SKU_COPY","","","false","GTIN_NOT_VERIFIED","","","Bangladesh","LOW","AWAIT_PHYSICAL_PACK_INSPECTION","true","Legacy SKU copy in barcode field; physical pack inspection in store required to record actual manufacturer EAN/UPC"
"88d7ee5d-c24f-447c-967f-52bb8883f086","Goodknight Refill Liquid (45ml)","PE-GKN-GEN-45ML","PE-GKN-GEN-45ML","LEGACY_SKU_COPY","","","false","GTIN_NOT_VERIFIED","","","Bangladesh","LOW","AWAIT_PHYSICAL_PACK_INSPECTION","true","Legacy SKU copy in barcode field; physical pack inspection in store required to record actual manufacturer EAN/UPC"
"333ad443-0246-47c3-961c-992280889ad6","Haiko Agar Agar - 20g","CK-HKO-AGR-20G","CK-HKO-AGR-20G","LEGACY_SKU_COPY","","","false","GTIN_NOT_VERIFIED","","","Bangladesh","LOW","AWAIT_PHYSICAL_PACK_INSPECTION","true","Legacy SKU copy in barcode field; physical pack inspection in store required to record actual manufacturer EAN/UPC"
"9735397f-084f-490b-8525-53e0b6879d6d","Haiko Bit Salt Powder - 80g","SP-HKO-BTS-80G","SP-HKO-BTS-80G","LEGACY_SKU_COPY","","","false","GTIN_NOT_VERIFIED","","","Bangladesh","LOW","AWAIT_PHYSICAL_PACK_INSPECTION","true","Legacy SKU copy in barcode field; physical pack inspection in store required to record actual manufacturer EAN/UPC"
"c9545957-7376-44e6-8999-c6ee8d09d33c","Hello Cookies - Classic Pack","BC-HLO-GEN","BC-HLO-GEN","LEGACY_SKU_COPY","","","false","GTIN_NOT_VERIFIED","","","Bangladesh","LOW","AWAIT_PHYSICAL_PACK_INSPECTION","true","Legacy SKU copy in barcode field; physical pack inspection in store required to record actual manufacturer EAN/UPC"
"d98efa79-003e-490b-92de-664b42e4b2a7","Hello Cookies - Family Pack","BC-HLO-GEN-1","BC-HLO-GEN-1","LEGACY_SKU_COPY","","","false","GTIN_NOT_VERIFIED","","","Bangladesh","LOW","AWAIT_PHYSICAL_PACK_INSPECTION","true","Legacy SKU copy in barcode field; physical pack inspection in store required to record actual manufacturer EAN/UPC"
"d1504e43-2284-401a-9e15-ecd3efa7acde","Honey Tea Bag 25g","TC-TAA-TBG-25G","TC-TAA-TBG-25G","LEGACY_SKU_COPY","","","false","GTIN_NOT_VERIFIED","","","Bangladesh","LOW","AWAIT_PHYSICAL_PACK_INSPECTION","true","Legacy SKU copy in barcode field; physical pack inspection in store required to record actual manufacturer EAN/UPC"
"6a2902c7-8302-450e-a4fd-36f4535dd718","Horlicks Pouch 400g","BV-HRK-PCH-400G","BV-HRK-PCH-400G","LEGACY_SKU_COPY","","","false","GTIN_NOT_VERIFIED","","","Bangladesh","LOW","AWAIT_PHYSICAL_PACK_INSPECTION","true","Legacy SKU copy in barcode field; physical pack inspection in store required to record actual manufacturer EAN/UPC"
"fa698e2d-f0b3-46a2-a63c-eb70b5358442","Igloo Cake 1L","IC-IGL-CKE-1L","IC-IGL-CKE-1L","LEGACY_SKU_COPY","","","false","GTIN_NOT_VERIFIED","","","Bangladesh","LOW","AWAIT_PHYSICAL_PACK_INSPECTION","true","Legacy SKU copy in barcode field; physical pack inspection in store required to record actual manufacturer EAN/UPC"
"08dc7fe1-7717-4a82-abaf-b903c16da996","Igloo Chocolate (1/2 L)","IC-IGL-CHL-2L","IC-IGL-CHL-2L","LEGACY_SKU_COPY","","","false","GTIN_NOT_VERIFIED","","","Bangladesh","LOW","AWAIT_PHYSICAL_PACK_INSPECTION","true","Legacy SKU copy in barcode field; physical pack inspection in store required to record actual manufacturer EAN/UPC"
"4c016973-cb67-4227-9db8-f5fe5b112822","Igloo Chocolate 1L","IC-IGL-CHL-1L","IC-IGL-CHL-1L","LEGACY_SKU_COPY","","","false","GTIN_NOT_VERIFIED","","","Bangladesh","LOW","AWAIT_PHYSICAL_PACK_INSPECTION","true","Legacy SKU copy in barcode field; physical pack inspection in store required to record actual manufacturer EAN/UPC"
"786e2a02-c352-442b-8ba2-572f07b7dfb2","Igloo Doi 1L","IC-IGL-DOI-1L","IC-IGL-DOI-1L","LEGACY_SKU_COPY","","","false","GTIN_NOT_VERIFIED","","","Bangladesh","LOW","AWAIT_PHYSICAL_PACK_INSPECTION","true","Legacy SKU copy in barcode field; physical pack inspection in store required to record actual manufacturer EAN/UPC"
"cc8dd0c2-a600-430c-934a-39378f6bc06a","Igloo Firni (cup)","IC-IGL-FIR","IC-IGL-FIR","LEGACY_SKU_COPY","","","false","GTIN_NOT_VERIFIED","","","Bangladesh","LOW","AWAIT_PHYSICAL_PACK_INSPECTION","true","Legacy SKU copy in barcode field; physical pack inspection in store required to record actual manufacturer EAN/UPC"
"a41f5544-d465-4f30-862d-bc340eecc81e","Igloo Firni 1L","IC-IGL-FIR-1L","IC-IGL-FIR-1L","LEGACY_SKU_COPY","","","false","GTIN_NOT_VERIFIED","","","Bangladesh","LOW","AWAIT_PHYSICAL_PACK_INSPECTION","true","Legacy SKU copy in barcode field; physical pack inspection in store required to record actual manufacturer EAN/UPC"
"2254bebd-d1d3-46a9-98e6-56d8e94d887e","Igloo French Vanilla 1L","IC-IGL-FVL-1L","IC-IGL-FVL-1L","LEGACY_SKU_COPY","","","false","GTIN_NOT_VERIFIED","","","Bangladesh","LOW","AWAIT_PHYSICAL_PACK_INSPECTION","true","Legacy SKU copy in barcode field; physical pack inspection in store required to record actual manufacturer EAN/UPC"
"0e06fb82-5e0f-4002-8afc-e39b5aebd8b6","Igloo Lolly (orange)","IC-IGL-LOL","IC-IGL-LOL","LEGACY_SKU_COPY","","","false","GTIN_NOT_VERIFIED","","","Bangladesh","LOW","AWAIT_PHYSICAL_PACK_INSPECTION","true","Legacy SKU copy in barcode field; physical pack inspection in store required to record actual manufacturer EAN/UPC"
"ccc618b4-fc38-4cb2-b54e-d8fd28d21e04","Igloo Macho","IC-IGL-MCH","IC-IGL-MCH","LEGACY_SKU_COPY","","","false","GTIN_NOT_VERIFIED","","","Bangladesh","LOW","AWAIT_PHYSICAL_PACK_INSPECTION","true","Legacy SKU copy in barcode field; physical pack inspection in store required to record actual manufacturer EAN/UPC"
"477da052-c1bb-4705-9821-9ff67dd13c09","Igloo Mango Melody 1L","IC-IGL-MGM-1L","IC-IGL-MGM-1L","LEGACY_SKU_COPY","","","false","GTIN_NOT_VERIFIED","","","Bangladesh","LOW","AWAIT_PHYSICAL_PACK_INSPECTION","true","Legacy SKU copy in barcode field; physical pack inspection in store required to record actual manufacturer EAN/UPC"
"39fb96e9-8717-4b0b-b05a-cfd673cb7727","Igloo Shell & Core","IC-IGL-SHC","IC-IGL-SHC","LEGACY_SKU_COPY","","","false","GTIN_NOT_VERIFIED","","","Bangladesh","LOW","AWAIT_PHYSICAL_PACK_INSPECTION","true","Legacy SKU copy in barcode field; physical pack inspection in store required to record actual manufacturer EAN/UPC"
"1cbf6c50-1acc-4452-843f-f1207d0ddbdc","Igloo Strawberry (1/2 L)","IC-IGL-STW-2L","IC-IGL-STW-2L","LEGACY_SKU_COPY","","","false","GTIN_NOT_VERIFIED","","","Bangladesh","LOW","AWAIT_PHYSICAL_PACK_INSPECTION","true","Legacy SKU copy in barcode field; physical pack inspection in store required to record actual manufacturer EAN/UPC"
"92d9d9ac-ae98-44cb-a9c2-be315c51098c","Igloo Strawberry 1L","IC-IGL-STW-1L","IC-IGL-STW-1L","LEGACY_SKU_COPY","","","false","GTIN_NOT_VERIFIED","","","Bangladesh","LOW","AWAIT_PHYSICAL_PACK_INSPECTION","true","Legacy SKU copy in barcode field; physical pack inspection in store required to record actual manufacturer EAN/UPC"
"126402a5-ab3c-416a-850c-42da4902f5dc","Igloo Vanilla (1/2 L)","IC-IGL-VNL-2L","IC-IGL-VNL-2L","LEGACY_SKU_COPY","","","false","GTIN_NOT_VERIFIED","","","Bangladesh","LOW","AWAIT_PHYSICAL_PACK_INSPECTION","true","Legacy SKU copy in barcode field; physical pack inspection in store required to record actual manufacturer EAN/UPC"
"6fa8464c-b044-4ed4-bd2f-ca68c95a4837","Igloo Vanilla (cup)","IC-IGL-VNL","IC-IGL-VNL","LEGACY_SKU_COPY","","","false","GTIN_NOT_VERIFIED","","","Bangladesh","LOW","AWAIT_PHYSICAL_PACK_INSPECTION","true","Legacy SKU copy in barcode field; physical pack inspection in store required to record actual manufacturer EAN/UPC"
"141eec92-9937-46a2-9d42-88e301db6ec2","Igloo Vanilla 1L","IC-IGL-VNL-1L","IC-IGL-VNL-1L","LEGACY_SKU_COPY","","","false","GTIN_NOT_VERIFIED","","","Bangladesh","LOW","AWAIT_PHYSICAL_PACK_INSPECTION","true","Legacy SKU copy in barcode field; physical pack inspection in store required to record actual manufacturer EAN/UPC"
"8058c111-72cd-40d1-81b8-34a2e50114c4","Ispahani Blenders Choice Premium Black Tea - 200g","TC-ISP-PRM-200G","TC-ISP-PRM-200G","LEGACY_SKU_COPY","","","false","GTIN_NOT_VERIFIED","","","Bangladesh","LOW","AWAIT_PHYSICAL_PACK_INSPECTION","true","Legacy SKU copy in barcode field; physical pack inspection in store required to record actual manufacturer EAN/UPC"
"4d004a30-86bc-453b-842c-7632c472f250","Ispahani Blenders Choice Premium Black Tea - 400g","TC-ISP-PRM-400G","TC-ISP-PRM-400G","LEGACY_SKU_COPY","","","false","GTIN_NOT_VERIFIED","","","Bangladesh","LOW","AWAIT_PHYSICAL_PACK_INSPECTION","true","Legacy SKU copy in barcode field; physical pack inspection in store required to record actual manufacturer EAN/UPC"
"4d85ee2e-e7a5-4ac4-b609-b627819b5004","Ispahani blenders choice premium green tea - 35g","TC-ISP-PRM-35G","TC-ISP-PRM-35G","LEGACY_SKU_COPY","","","false","GTIN_NOT_VERIFIED","","","Bangladesh","LOW","AWAIT_PHYSICAL_PACK_INSPECTION","true","Legacy SKU copy in barcode field; physical pack inspection in store required to record actual manufacturer EAN/UPC"
"1dd3e411-594c-4169-a4b0-9143a33dcf77","Ispahani Mirzapore Tea Bag - 50p","TC-ISP-TBG","TC-ISP-TBG","LEGACY_SKU_COPY","","","false","GTIN_NOT_VERIFIED","","","Bangladesh","LOW","AWAIT_PHYSICAL_PACK_INSPECTION","true","Legacy SKU copy in barcode field; physical pack inspection in store required to record actual manufacturer EAN/UPC"
"cf018e96-ab3d-443d-b707-5cb9ba48f646","Isubgul","CK-ISB-GEN","CK-ISB-GEN","LEGACY_SKU_COPY","","","false","GTIN_NOT_VERIFIED","","","Bangladesh","LOW","AWAIT_PHYSICAL_PACK_INSPECTION","true","Legacy SKU copy in barcode field; physical pack inspection in store required to record actual manufacturer EAN/UPC"
"90bed56b-c8c9-48e6-b56c-73ce67fc740a","Jirashail (Nobanno) Loose","RG-JRS-LSE","RG-JRS-LSE","LEGACY_SKU_COPY","","","false","NO_GTIN_FOR_STORE_SOLD_UNIT","Store bulk or loose commodity unit","catalog-identity","Bangladesh","HIGH","PRESERVE_INTERNAL_SKU","true","Lucky Store created loose consumer unit; no individual retail GTIN for this store-sold unit"
"b54e03c0-3a1b-4818-a642-8520f907fca0","Jirashail 25KG (Bashir)","RG-JRS-GEN-2","RG-JRS-GEN-2","LEGACY_SKU_COPY","","","false","NO_GTIN_FOR_STORE_SOLD_UNIT","Store bulk or loose commodity unit","catalog-identity","Bangladesh","HIGH","PRESERVE_INTERNAL_SKU","true","Lucky Store created loose consumer unit; no individual retail GTIN for this store-sold unit"
"5c5e0c78-4235-481b-b75b-8acc6607aa1f","Jirashail 25KG (Nobanno)","RG-JRS-GEN","RG-JRS-GEN","LEGACY_SKU_COPY","","","false","NO_GTIN_FOR_STORE_SOLD_UNIT","Store bulk or loose commodity unit","catalog-identity","Bangladesh","HIGH","PRESERVE_INTERNAL_SKU","true","Lucky Store created loose consumer unit; no individual retail GTIN for this store-sold unit"
"c8a02040-9bb6-4ff6-ae76-2dda63a99766","Jirashail 25KG (Nobanno)","RG-JRS-GEN-1","RG-JRS-GEN-1","LEGACY_SKU_COPY","","","false","NO_GTIN_FOR_STORE_SOLD_UNIT","Store bulk or loose commodity unit","catalog-identity","Bangladesh","HIGH","PRESERVE_INTERNAL_SKU","true","Lucky Store created loose consumer unit; no individual retail GTIN for this store-sold unit"
"044f7c45-fce6-4234-852b-56db0e527fcf","Junior Horlicks Stage I 500g","BV-HRK-S1-500G-1","BV-HRK-S1-500G-1","LEGACY_SKU_COPY","","","false","GTIN_NOT_VERIFIED","","","Bangladesh","LOW","AWAIT_PHYSICAL_PACK_INSPECTION","true","Legacy SKU copy in barcode field; physical pack inspection in store required to record actual manufacturer EAN/UPC"
"c12ef526-054e-48a4-ad5c-370cb30305b2","Junior Horlicks Stage II 500g","BV-HRK-S1-500G","BV-HRK-S1-500G","LEGACY_SKU_COPY","","","false","GTIN_NOT_VERIFIED","","","Bangladesh","LOW","AWAIT_PHYSICAL_PACK_INSPECTION","true","Legacy SKU copy in barcode field; physical pack inspection in store required to record actual manufacturer EAN/UPC"
"7397f725-22d2-40dc-a78f-382740756793","Katari Atob (Rahman) Loose","RG-KTR-LSE","RG-KTR-LSE","LEGACY_SKU_COPY","","","false","NO_GTIN_FOR_STORE_SOLD_UNIT","Store bulk or loose commodity unit","catalog-identity","Bangladesh","HIGH","PRESERVE_INTERNAL_SKU","true","Lucky Store created loose consumer unit; no individual retail GTIN for this store-sold unit"
"65825560-b557-4851-9cab-d0ed62154c4f","Katari Atob 25KG (Premium)","RG-KTR-PRM","","MISSING","","","false","CATALOG_BARCODE_REVIEW_REQUIRED","Mismatched internal barcode or missing barcode","catalog-identity","Bangladesh","HIGH","INVESTIGATE_STORE_RECORD","true","Internal barcode does not match internal SKU; requires store review before GTIN remediation"
"309437ca-2058-48e9-bce3-0da0ffb42e67","Katari Atob 25KG (Rahman)","RG-KTR-ATB","RG-KTR-ATB","LEGACY_SKU_COPY","","","false","NO_GTIN_FOR_STORE_SOLD_UNIT","Store bulk or loose commodity unit","catalog-identity","Bangladesh","HIGH","PRESERVE_INTERNAL_SKU","true","Lucky Store created loose consumer unit; no individual retail GTIN for this store-sold unit"
"f95d62d0-5d1f-4cd0-9785-f9e89ba94db5","Katari C (Nobanno) Loose","RG-KTR-LSE-1","RG-KTR-LSE-1","LEGACY_SKU_COPY","","","false","NO_GTIN_FOR_STORE_SOLD_UNIT","Store bulk or loose commodity unit","catalog-identity","Bangladesh","HIGH","PRESERVE_INTERNAL_SKU","true","Lucky Store created loose consumer unit; no individual retail GTIN for this store-sold unit"
"56f81d25-2e4a-4a29-8517-253fa72615b2","Katari C 25KG (Nobanno)","RG-KTR-GEN","RG-KTR-GEN","LEGACY_SKU_COPY","","","false","NO_GTIN_FOR_STORE_SOLD_UNIT","Store bulk or loose commodity unit","catalog-identity","Bangladesh","HIGH","PRESERVE_INTERNAL_SKU","true","Lucky Store created loose consumer unit; no individual retail GTIN for this store-sold unit"
"6b0bab60-843c-4f9f-a0d9-21b3364617bf","Kazi Toast 250g","BC-KZF-KZT-250G","BC-KZF-KZT-250G","LEGACY_SKU_COPY","","","false","GTIN_NOT_VERIFIED","","","Bangladesh","LOW","AWAIT_PHYSICAL_PACK_INSPECTION","true","Legacy SKU copy in barcode field; physical pack inspection in store required to record actual manufacturer EAN/UPC"
"be64ce19-2f56-4b6e-adb1-e47dda593f5e","Kellogs Almond Corn Flakes 300g","CR-KEL-ACF-300G","CR-KEL-ACF-300G","LEGACY_SKU_COPY","","","false","GTIN_NOT_VERIFIED","","","Bangladesh","LOW","AWAIT_PHYSICAL_PACK_INSPECTION","true","Legacy SKU copy in barcode field; physical pack inspection in store required to record actual manufacturer EAN/UPC"
"091cb44a-ba40-4a11-baaf-85814ca40ece","Kellogs Chocos 127g","CR-KEL-GEN-127G","CR-KEL-GEN-127G","LEGACY_SKU_COPY","","","false","GTIN_NOT_VERIFIED","","","Bangladesh","LOW","AWAIT_PHYSICAL_PACK_INSPECTION","true","Legacy SKU copy in barcode field; physical pack inspection in store required to record actual manufacturer EAN/UPC"
"f348e7b6-8394-4215-87d4-b2bb65352601","Kellogs Chocos 250g","CR-KEL-GEN-250G","CR-KEL-GEN-250G","LEGACY_SKU_COPY","","","false","GTIN_NOT_VERIFIED","","","Bangladesh","LOW","AWAIT_PHYSICAL_PACK_INSPECTION","true","Legacy SKU copy in barcode field; physical pack inspection in store required to record actual manufacturer EAN/UPC"
"e3e635ae-5dd1-4b51-8584-bd97d257c61f","Kellogs Chocos Fills Centred Pillow 250g","CR-KEL-CHF-250G","CR-KEL-CHF-250G","LEGACY_SKU_COPY","","","false","GTIN_NOT_VERIFIED","","","Bangladesh","LOW","AWAIT_PHYSICAL_PACK_INSPECTION","true","Legacy SKU copy in barcode field; physical pack inspection in store required to record actual manufacturer EAN/UPC"
"223a9181-55f9-42e2-87e5-fdedc0cda7aa","Kellogs Corn Flakes Real Honey 300g","CR-KEL-CFL-300G","CR-KEL-CFL-300G","LEGACY_SKU_COPY","","","false","GTIN_NOT_VERIFIED","","","Bangladesh","LOW","AWAIT_PHYSICAL_PACK_INSPECTION","true","Legacy SKU copy in barcode field; physical pack inspection in store required to record actual manufacturer EAN/UPC"
"aff1877f-85fc-4de3-b7b4-24cb2bfde164","Kellogs Fruit Loops 285g","CR-KEL-FRL-285G","CR-KEL-FRL-285G","LEGACY_SKU_COPY","","","false","GTIN_NOT_VERIFIED","","","Bangladesh","LOW","AWAIT_PHYSICAL_PACK_INSPECTION","true","Legacy SKU copy in barcode field; physical pack inspection in store required to record actual manufacturer EAN/UPC"
"4d0f635f-c8ec-4b1b-b60b-d29671735f70","Kellogs K-Park 26g","CR-KEL-GEN-26G","CR-KEL-GEN-26G","LEGACY_SKU_COPY","","","false","GTIN_NOT_VERIFIED","","","Bangladesh","LOW","AWAIT_PHYSICAL_PACK_INSPECTION","true","Legacy SKU copy in barcode field; physical pack inspection in store required to record actual manufacturer EAN/UPC"
"cfe0ad8b-59f9-4285-ae53-b78afe6ecbd3","Kellogs Muesli Crunchy Fruit & Nut 500g","CR-KEL-CFN-500G","CR-KEL-CFN-500G","LEGACY_SKU_COPY","","","false","GTIN_NOT_VERIFIED","","","Bangladesh","LOW","AWAIT_PHYSICAL_PACK_INSPECTION","true","Legacy SKU copy in barcode field; physical pack inspection in store required to record actual manufacturer EAN/UPC"
"cc4b6011-0f91-482c-a6a2-38b4e00149bc","Kellogs Oats 400g","CR-KEL-GEN-400G","CR-KEL-GEN-400G","LEGACY_SKU_COPY","","","false","GTIN_NOT_VERIFIED","","","Bangladesh","LOW","AWAIT_PHYSICAL_PACK_INSPECTION","true","Legacy SKU copy in barcode field; physical pack inspection in store required to record actual manufacturer EAN/UPC"
"6da88fa6-6dda-4914-b91a-68f53eae5ecc","Kellogs Oats 900g","CR-KEL-GEN-900G","CR-KEL-GEN-900G","LEGACY_SKU_COPY","","","false","GTIN_NOT_VERIFIED","","","Bangladesh","LOW","AWAIT_PHYSICAL_PACK_INSPECTION","true","Legacy SKU copy in barcode field; physical pack inspection in store required to record actual manufacturer EAN/UPC"
"28984df9-d65b-496b-b4bb-e2457c9fa97f","Kikkoman All Purpose Seasoning Soy Sauce - 1ltr","CD-KKM-SYS-1L","CD-KKM-SYS-1L","LEGACY_SKU_COPY","","","false","GTIN_NOT_VERIFIED","","","Bangladesh","LOW","AWAIT_PHYSICAL_PACK_INSPECTION","true","Legacy SKU copy in barcode field; physical pack inspection in store required to record actual manufacturer EAN/UPC"
"d9d59ec1-4181-49ca-9012-e1c73a05e2ba","Kings Pure Sunflower Oil 2L","OL-KNG-GEN-2L","OL-KNG-GEN-2L","LEGACY_SKU_COPY","","","false","GTIN_NOT_VERIFIED","","","Bangladesh","LOW","AWAIT_PHYSICAL_PACK_INSPECTION","true","Legacy SKU copy in barcode field; physical pack inspection in store required to record actual manufacturer EAN/UPC"
"b1d51bfe-ffc6-4e5a-b3ed-d9a21fbe9f73","Kitkat 1 Finger","CC-KIT-1F","CC-KIT-1F","LEGACY_SKU_COPY","","","false","GTIN_NOT_VERIFIED","","","Bangladesh","LOW","AWAIT_PHYSICAL_PACK_INSPECTION","true","Legacy SKU copy in barcode field; physical pack inspection in store required to record actual manufacturer EAN/UPC"
"68705709-d363-48f7-bf2e-066bc3ce7e33","Kitkat 3 Finger","CC-KIT-3F","CC-KIT-3F","LEGACY_SKU_COPY","","","false","GTIN_NOT_VERIFIED","","","Bangladesh","LOW","AWAIT_PHYSICAL_PACK_INSPECTION","true","Legacy SKU copy in barcode field; physical pack inspection in store required to record actual manufacturer EAN/UPC"
"b8db2ef2-22f0-4b46-a06c-37a297eb7701","Kitkat 4 Finger","CC-KIT-4F","CC-KIT-4F","LEGACY_SKU_COPY","","","false","GTIN_NOT_VERIFIED","","","Bangladesh","LOW","AWAIT_PHYSICAL_PACK_INSPECTION","true","Legacy SKU copy in barcode field; physical pack inspection in store required to record actual manufacturer EAN/UPC"
"1a71caef-bfc7-4c1a-a0ea-33991fa7eaf0","Knock Chocolate Cream","CC-KNK-CHC","CC-KNK-CHC","LEGACY_SKU_COPY","","","false","GTIN_NOT_VERIFIED","","","Bangladesh","LOW","AWAIT_PHYSICAL_PACK_INSPECTION","true","Legacy SKU copy in barcode field; physical pack inspection in store required to record actual manufacturer EAN/UPC"
"dc5b3b14-a902-4e3f-a0ef-4969f3994d02","Knock Milk Cream","CC-KNK-CRM","CC-KNK-CRM","LEGACY_SKU_COPY","","","false","GTIN_NOT_VERIFIED","","","Bangladesh","LOW","AWAIT_PHYSICAL_PACK_INSPECTION","true","Legacy SKU copy in barcode field; physical pack inspection in store required to record actual manufacturer EAN/UPC"
"e0bcdda1-facc-43fe-be35-1aafe6195512","Knock Strawberry Cream","CC-KNK-STC","CC-KNK-STC","LEGACY_SKU_COPY","","","false","GTIN_NOT_VERIFIED","","","Bangladesh","LOW","AWAIT_PHYSICAL_PACK_INSPECTION","true","Legacy SKU copy in barcode field; physical pack inspection in store required to record actual manufacturer EAN/UPC"
"881b4a90-ead2-472f-b2a5-17a7108bb682","Knorr Soup 31g","PF-KNR-GEN-31G","PF-KNR-GEN-31G","LEGACY_SKU_COPY","","","false","GTIN_NOT_VERIFIED","","","Bangladesh","LOW","AWAIT_PHYSICAL_PACK_INSPECTION","true","Legacy SKU copy in barcode field; physical pack inspection in store required to record actual manufacturer EAN/UPC"
"466fcc38-4adf-48e2-adf8-1a146d6207fd","Knorr Soup Chicken Corn 24g","PF-KNR-CCS-24G","PF-KNR-CCS-24G","LEGACY_SKU_COPY","","","false","GTIN_NOT_VERIFIED","","","Bangladesh","LOW","AWAIT_PHYSICAL_PACK_INSPECTION","true","Legacy SKU copy in barcode field; physical pack inspection in store required to record actual manufacturer EAN/UPC"
"735c578d-da9e-4056-abde-af193f24c145","Knorr Soup Thai 28g","PF-KNR-GEN-28G","PF-KNR-GEN-28G","LEGACY_SKU_COPY","","","false","GTIN_NOT_VERIFIED","","","Bangladesh","LOW","AWAIT_PHYSICAL_PACK_INSPECTION","true","Legacy SKU copy in barcode field; physical pack inspection in store required to record actual manufacturer EAN/UPC"
"916a3ff0-c0f4-41aa-9996-bc00f7a13d49","Kodomo Bubble Fruit Toothpaste Gel Ultra Shield Formula (0.5 Years Up) - 40g","BY-KOD-GEN-40G","BY-KOD-GEN-40G","LEGACY_SKU_COPY","","","false","GTIN_NOT_VERIFIED","","","Bangladesh","LOW","AWAIT_PHYSICAL_PACK_INSPECTION","true","Legacy SKU copy in barcode field; physical pack inspection in store required to record actual manufacturer EAN/UPC"
"73056aa2-bed7-4f87-b992-31dae2f8bd24","Kodomo Toothpaste Orange Cream - 40g","PC-KOD-CRM-40G","PC-KOD-CRM-40G","LEGACY_SKU_COPY","","","false","GTIN_NOT_VERIFIED","","","Bangladesh","LOW","AWAIT_PHYSICAL_PACK_INSPECTION","true","Legacy SKU copy in barcode field; physical pack inspection in store required to record actual manufacturer EAN/UPC"
"3b4fb3ae-d660-474d-ba38-9be193b711b2","Kopi - Candy","CC-KPI-CAN","CC-KPI-CAN","LEGACY_SKU_COPY","","","false","GTIN_NOT_VERIFIED","","","Bangladesh","LOW","AWAIT_PHYSICAL_PACK_INSPECTION","true","Legacy SKU copy in barcode field; physical pack inspection in store required to record actual manufacturer EAN/UPC"
"a09e3b8d-6237-4830-afae-6be3cf1ea8a9","Lentils - Masur Daal","RG-LNT-GEN","RG-LNT-GEN","LEGACY_SKU_COPY","","","false","GTIN_NOT_VERIFIED","","","Bangladesh","LOW","AWAIT_PHYSICAL_PACK_INSPECTION","true","Legacy SKU copy in barcode field; physical pack inspection in store required to record actual manufacturer EAN/UPC"
"7c2a9afb-ad80-480e-83b6-fc6db7f902a1","Lexus - Family Pack","BC-LEX-GEN","BC-LEX-GEN","LEGACY_SKU_COPY","","","false","GTIN_NOT_VERIFIED","","","Bangladesh","LOW","AWAIT_PHYSICAL_PACK_INSPECTION","true","Legacy SKU copy in barcode field; physical pack inspection in store required to record actual manufacturer EAN/UPC"
"e090645d-d529-4273-9078-5ac8aa2bdce2","Lifebouy Hand Soap Total 90g","PC-LFB-GEN-90G","PC-LFB-GEN-90G","LEGACY_SKU_COPY","","","false","GTIN_NOT_VERIFIED","","","Bangladesh","LOW","AWAIT_PHYSICAL_PACK_INSPECTION","true","Legacy SKU copy in barcode field; physical pack inspection in store required to record actual manufacturer EAN/UPC"
"32f89d2d-3b47-4284-9e3e-d15fa16efb39","Lifebouy Health Care 150g","PC-LFB-HCR-150G","PC-LFB-HCR-150G","LEGACY_SKU_COPY","","","false","GTIN_NOT_VERIFIED","","","Bangladesh","LOW","AWAIT_PHYSICAL_PACK_INSPECTION","true","Legacy SKU copy in barcode field; physical pack inspection in store required to record actual manufacturer EAN/UPC"
"da39718e-d7ff-49ef-a6c9-e1cd16f08a4a","Lifebouy Health Care 90g","PC-LFB-HCR-90G","PC-LFB-HCR-90G","LEGACY_SKU_COPY","","","false","GTIN_NOT_VERIFIED","","","Bangladesh","LOW","AWAIT_PHYSICAL_PACK_INSPECTION","true","Legacy SKU copy in barcode field; physical pack inspection in store required to record actual manufacturer EAN/UPC"
"14411c04-1457-4e06-9a3b-e79e0dd64504","Lifebouy Health Soap Lemon Fresh 150g","PC-LFB-HSP-150G","PC-LFB-HSP-150G","LEGACY_SKU_COPY","","","false","GTIN_NOT_VERIFIED","","","Bangladesh","LOW","AWAIT_PHYSICAL_PACK_INSPECTION","true","Legacy SKU copy in barcode field; physical pack inspection in store required to record actual manufacturer EAN/UPC"
"ddd6ce8e-47a8-4e5e-bd6a-b83c61ee6da6","Lifebouy Health Soap Lemon Fresh 90g","PC-LFB-HSP-90G-1","PC-LFB-HSP-90G-1","LEGACY_SKU_COPY","","","false","GTIN_NOT_VERIFIED","","","Bangladesh","LOW","AWAIT_PHYSICAL_PACK_INSPECTION","true","Legacy SKU copy in barcode field; physical pack inspection in store required to record actual manufacturer EAN/UPC"
"28bba492-39b3-43fc-b9a2-412654c09339","Lifebouy Health Soap Total 150g","PC-LFB-HSP-150G-1","PC-LFB-HSP-150G-1","LEGACY_SKU_COPY","","","false","GTIN_NOT_VERIFIED","","","Bangladesh","LOW","AWAIT_PHYSICAL_PACK_INSPECTION","true","Legacy SKU copy in barcode field; physical pack inspection in store required to record actual manufacturer EAN/UPC"
"8b34b3d1-b4d5-4d6e-9f0b-79731ece59b6","Lifebouy Health Soap Total 90g","PC-LFB-HSP-90G","PC-LFB-HSP-90G","LEGACY_SKU_COPY","","","false","GTIN_NOT_VERIFIED","","","Bangladesh","LOW","AWAIT_PHYSICAL_PACK_INSPECTION","true","Legacy SKU copy in barcode field; physical pack inspection in store required to record actual manufacturer EAN/UPC"
"183902b0-7f58-4c37-b5c0-30efb615ec44","Lifebouy Liquid Care 170ml","PC-LFB-LCR-170ML","PC-LFB-LCR-170ML","LEGACY_SKU_COPY","","","false","GTIN_NOT_VERIFIED","","","Bangladesh","LOW","AWAIT_PHYSICAL_PACK_INSPECTION","true","Legacy SKU copy in barcode field; physical pack inspection in store required to record actual manufacturer EAN/UPC"
"6baaeb6a-38f9-433f-92ba-49caae8d7820","Lifebouy Liquid Lemon Fresh 170ml","PC-LFB-LLF-170ML","PC-LFB-LLF-170ML","LEGACY_SKU_COPY","","","false","GTIN_NOT_VERIFIED","","","Bangladesh","LOW","AWAIT_PHYSICAL_PACK_INSPECTION","true","Legacy SKU copy in barcode field; physical pack inspection in store required to record actual manufacturer EAN/UPC"
"81b13226-e0f0-404f-8a35-b9f8fe3e786a","Lifebouy Liquid Lemon Fresh 170ml","PC-LFB-LLF-170ML-1","PC-LFB-LLF-170ML-1","LEGACY_SKU_COPY","","","false","GTIN_NOT_VERIFIED","","","Bangladesh","LOW","AWAIT_PHYSICAL_PACK_INSPECTION","true","Legacy SKU copy in barcode field; physical pack inspection in store required to record actual manufacturer EAN/UPC"
"52766228-58c4-44c0-a28d-d65e2230eb6e","Lifebouy Liquid Lemon Fresh 200ml","PC-LFB-LLF-200ML","PC-LFB-LLF-200ML","LEGACY_SKU_COPY","","","false","GTIN_NOT_VERIFIED","","","Bangladesh","LOW","AWAIT_PHYSICAL_PACK_INSPECTION","true","Legacy SKU copy in barcode field; physical pack inspection in store required to record actual manufacturer EAN/UPC"
"c5a1622c-f4b5-44a8-9c70-3b43b914ca02","Lifebouy Liquid Total 200ml","PC-LFB-LQT-200ML","PC-LFB-LQT-200ML","LEGACY_SKU_COPY","","","false","GTIN_NOT_VERIFIED","","","Bangladesh","LOW","AWAIT_PHYSICAL_PACK_INSPECTION","true","Legacy SKU copy in barcode field; physical pack inspection in store required to record actual manufacturer EAN/UPC"
"0120bf88-31fa-4951-9a7a-7c71455b87ef","Lifebouy Soap Lemon Fresh 150g","PC-LFB-GEN-150G","PC-LFB-GEN-150G","LEGACY_SKU_COPY","","","false","GTIN_NOT_VERIFIED","","","Bangladesh","LOW","AWAIT_PHYSICAL_PACK_INSPECTION","true","Legacy SKU copy in barcode field; physical pack inspection in store required to record actual manufacturer EAN/UPC"
"96e5cee7-9d31-4a0d-af56-32fc464f665c","Lifebuoy Liquid Hand Wash Care 200g","PC-LFB-LHC-200G","PC-LFB-LHC-200G","LEGACY_SKU_COPY","","","false","GTIN_NOT_VERIFIED","","","Bangladesh","LOW","AWAIT_PHYSICAL_PACK_INSPECTION","true","Legacy SKU copy in barcode field; physical pack inspection in store required to record actual manufacturer EAN/UPC"
"84276fa4-e76e-4a56-9b2b-92c2b4ff81fd","Lipton Pure Tea 25g","TC-TAA-PRT-25G","TC-TAA-PRT-25G","LEGACY_SKU_COPY","","","false","GTIN_NOT_VERIFIED","","","Bangladesh","LOW","AWAIT_PHYSICAL_PACK_INSPECTION","true","Legacy SKU copy in barcode field; physical pack inspection in store required to record actual manufacturer EAN/UPC"
"ade4e546-4416-439b-9add-7ebddbfd4e05","Lux Soap Soft Touch 150g","PC-LUX-GEN-150G-1","PC-LUX-GEN-150G-1","LEGACY_SKU_COPY","","","false","GTIN_NOT_VERIFIED","","","Bangladesh","LOW","AWAIT_PHYSICAL_PACK_INSPECTION","true","Legacy SKU copy in barcode field; physical pack inspection in store required to record actual manufacturer EAN/UPC"
"b60edb93-3a6f-4142-a276-7919a3a8f96d","Lux Soap Soft Touch 25g","PC-LUX-GEN-25G","PC-LUX-GEN-25G","LEGACY_SKU_COPY","","","false","GTIN_NOT_VERIFIED","","","Bangladesh","LOW","AWAIT_PHYSICAL_PACK_INSPECTION","true","Legacy SKU copy in barcode field; physical pack inspection in store required to record actual manufacturer EAN/UPC"
"ae459397-dfe9-44f9-a8a2-3e9b98e5a0c8","Lux Soap Soft Touch 75g","PC-LUX-GEN-75G","PC-LUX-GEN-75G","LEGACY_SKU_COPY","","","false","GTIN_NOT_VERIFIED","","","Bangladesh","LOW","AWAIT_PHYSICAL_PACK_INSPECTION","true","Legacy SKU copy in barcode field; physical pack inspection in store required to record actual manufacturer EAN/UPC"
"223bcafc-da20-40fc-8084-a7376c1fe31c","Lux Soap Soft Touch 75g","PC-LUX-GEN-75G-2","PC-LUX-GEN-75G-2","LEGACY_SKU_COPY","","","false","GTIN_NOT_VERIFIED","","","Bangladesh","LOW","AWAIT_PHYSICAL_PACK_INSPECTION","true","Legacy SKU copy in barcode field; physical pack inspection in store required to record actual manufacturer EAN/UPC"
"fa4cafe4-d94f-40d4-ab0a-3b994bb4e183","Lux Soap Soft Touch 90g","PC-LUX-GEN-90G-1","PC-LUX-GEN-90G-1","LEGACY_SKU_COPY","","","false","GTIN_NOT_VERIFIED","","","Bangladesh","LOW","AWAIT_PHYSICAL_PACK_INSPECTION","true","Legacy SKU copy in barcode field; physical pack inspection in store required to record actual manufacturer EAN/UPC"
"713ce986-6817-42e5-8dee-3a59570f3fe4","Lux Soap Velvet Touch 150g","PC-LUX-GEN-150G","PC-LUX-GEN-150G","LEGACY_SKU_COPY","","","false","GTIN_NOT_VERIFIED","","","Bangladesh","LOW","AWAIT_PHYSICAL_PACK_INSPECTION","true","Legacy SKU copy in barcode field; physical pack inspection in store required to record actual manufacturer EAN/UPC"
"22cb1b54-6d27-42ed-95d9-df32f3709ec3","Lux Soap Velvet Touch 150g","PC-LUX-GEN-150G-2","PC-LUX-GEN-150G-2","LEGACY_SKU_COPY","","","false","GTIN_NOT_VERIFIED","","","Bangladesh","LOW","AWAIT_PHYSICAL_PACK_INSPECTION","true","Legacy SKU copy in barcode field; physical pack inspection in store required to record actual manufacturer EAN/UPC"
"f4156651-e2ed-415e-9150-ec454ee8cb0e","Lux Soap Velvet Touch 75g","PC-LUX-GEN-75G-1","PC-LUX-GEN-75G-1","LEGACY_SKU_COPY","","","false","GTIN_NOT_VERIFIED","","","Bangladesh","LOW","AWAIT_PHYSICAL_PACK_INSPECTION","true","Legacy SKU copy in barcode field; physical pack inspection in store required to record actual manufacturer EAN/UPC"
"2d2c62ab-b0fb-4886-96b5-0f16458d33bb","Lux Soap Velvet Touch 90g","PC-LUX-GEN-90G","PC-LUX-GEN-90G","LEGACY_SKU_COPY","","","false","GTIN_NOT_VERIFIED","","","Bangladesh","LOW","AWAIT_PHYSICAL_PACK_INSPECTION","true","Legacy SKU copy in barcode field; physical pack inspection in store required to record actual manufacturer EAN/UPC"
"bd838a91-33ae-4179-9156-60de53b8d143","Mabroom Premium Dates - 500G","SN-MBR-PRD","SN-MBR-PRD","LEGACY_SKU_COPY","","","false","GTIN_NOT_VERIFIED","","","Bangladesh","LOW","AWAIT_PHYSICAL_PACK_INSPECTION","true","Legacy SKU copy in barcode field; physical pack inspection in store required to record actual manufacturer EAN/UPC"
"7e426c31-6d81-4962-8eae-c824d99de087","Maggi 496g (Masala Flavour)","SN-MGG-GEN-496G","SN-MGG-GEN-496G","LEGACY_SKU_COPY","","","false","GTIN_NOT_VERIFIED","","","Bangladesh","LOW","AWAIT_PHYSICAL_PACK_INSPECTION","true","Legacy SKU copy in barcode field; physical pack inspection in store required to record actual manufacturer EAN/UPC"
"763f34aa-29e8-4388-ac41-85c7e051699f","Maggi Chicken Sizzling 8g","SN-MGG-CKS-8G","SN-MGG-CKS-8G","LEGACY_SKU_COPY","","","false","GTIN_NOT_VERIFIED","","","Bangladesh","LOW","AWAIT_PHYSICAL_PACK_INSPECTION","true","Legacy SKU copy in barcode field; physical pack inspection in store required to record actual manufacturer EAN/UPC"
"efc1420b-5590-478b-aaee-52f9c994cc0c","Maggi Corn Soup 25g","SN-MGG-CRS-25G","SN-MGG-CRS-25G","LEGACY_SKU_COPY","","","false","GTIN_NOT_VERIFIED","","","Bangladesh","LOW","AWAIT_PHYSICAL_PACK_INSPECTION","true","Legacy SKU copy in barcode field; physical pack inspection in store required to record actual manufacturer EAN/UPC"
"67514d06-f947-42be-9fa4-3fece612f4f0","Maggi Fried Chicken 400g","SN-MGG-FRC-400G","SN-MGG-FRC-400G","LEGACY_SKU_COPY","","","false","GTIN_NOT_VERIFIED","","","Bangladesh","LOW","AWAIT_PHYSICAL_PACK_INSPECTION","true","Legacy SKU copy in barcode field; physical pack inspection in store required to record actual manufacturer EAN/UPC"
"44fd8ae1-fdea-42c0-9278-4e6216a7a2eb","Maggi Fun Pack 992g","SN-MGG-GEN-992G","SN-MGG-GEN-992G","LEGACY_SKU_COPY","","","false","GTIN_NOT_VERIFIED","","","Bangladesh","LOW","AWAIT_PHYSICAL_PACK_INSPECTION","true","Legacy SKU copy in barcode field; physical pack inspection in store required to record actual manufacturer EAN/UPC"
"7d931484-28e4-4859-94de-873afa27a1c1","Maggi Shaad-E-Magic 4g","SN-MGG-SEM-4G","SN-MGG-SEM-4G","LEGACY_SKU_COPY","","","false","GTIN_NOT_VERIFIED","","","Bangladesh","LOW","AWAIT_PHYSICAL_PACK_INSPECTION","true","Legacy SKU copy in barcode field; physical pack inspection in store required to record actual manufacturer EAN/UPC"
"a506b93b-66ef-4a66-9c8c-b358d56d82c0","Maggi Thai Soup 35g","SN-MGG-THS-35G","SN-MGG-THS-35G","LEGACY_SKU_COPY","","","false","GTIN_NOT_VERIFIED","","","Bangladesh","LOW","AWAIT_PHYSICAL_PACK_INSPECTION","true","Legacy SKU copy in barcode field; physical pack inspection in store required to record actual manufacturer EAN/UPC"
"06372152-21b2-4b9e-bb40-9a077d637594","Maggi Vegetable Soup 25g","SN-MGG-VGS-25G","SN-MGG-VGS-25G","LEGACY_SKU_COPY","","","false","GTIN_NOT_VERIFIED","","","Bangladesh","LOW","AWAIT_PHYSICAL_PACK_INSPECTION","true","Legacy SKU copy in barcode field; physical pack inspection in store required to record actual manufacturer EAN/UPC"
"d0262441-23dc-44b0-9cfd-8efe02afd8d7","Maltova 400g","BV-MLT-GEN-400G","BV-MLT-GEN-400G","LEGACY_SKU_COPY","","","false","GTIN_NOT_VERIFIED","","","Bangladesh","LOW","AWAIT_PHYSICAL_PACK_INSPECTION","true","Legacy SKU copy in barcode field; physical pack inspection in store required to record actual manufacturer EAN/UPC"
"ec4669d8-c36f-4827-a7a3-b27b62178bfe","Maltova Baking Powder 100g","CK-MLT-BKP-100G","CK-MLT-BKP-100G","LEGACY_SKU_COPY","","","false","GTIN_NOT_VERIFIED","","","Bangladesh","LOW","AWAIT_PHYSICAL_PACK_INSPECTION","true","Legacy SKU copy in barcode field; physical pack inspection in store required to record actual manufacturer EAN/UPC"
"b8c7c186-f126-4b4c-bdde-3e0dd3e73b89","Marks Powder 1000gm","DE-MRK-PWD-1000G","DE-MRK-PWD-1000G","LEGACY_SKU_COPY","","","false","GTIN_NOT_VERIFIED","","","Bangladesh","LOW","AWAIT_PHYSICAL_PACK_INSPECTION","true","Legacy SKU copy in barcode field; physical pack inspection in store required to record actual manufacturer EAN/UPC"
"bbafc59b-582b-4d48-8e52-e20ab284f30e","Marks Powder 15gm","DE-MRK-PWD-15G","DE-MRK-PWD-15G","LEGACY_SKU_COPY","","","false","GTIN_NOT_VERIFIED","","","Bangladesh","LOW","AWAIT_PHYSICAL_PACK_INSPECTION","true","Legacy SKU copy in barcode field; physical pack inspection in store required to record actual manufacturer EAN/UPC"
"54b6b5c7-140f-49f1-882e-106a1f6dac10","Marks Powder 250gm","DE-MRK-PWD-250G","DE-MRK-PWD-250G","LEGACY_SKU_COPY","","","false","GTIN_NOT_VERIFIED","","","Bangladesh","LOW","AWAIT_PHYSICAL_PACK_INSPECTION","true","Legacy SKU copy in barcode field; physical pack inspection in store required to record actual manufacturer EAN/UPC"
"467b4324-d502-4177-ac04-e42bc429ce87","Marks Powder 500gm","DE-MRK-PWD-500G","DE-MRK-PWD-500G","LEGACY_SKU_COPY","","","false","GTIN_NOT_VERIFIED","","","Bangladesh","LOW","AWAIT_PHYSICAL_PACK_INSPECTION","true","Legacy SKU copy in barcode field; physical pack inspection in store required to record actual manufacturer EAN/UPC"
"606d4d80-ac43-4c7e-a11b-07dcc5690cf7","Marks Powder 75gm","DE-MRK-PWD-75G","DE-MRK-PWD-75G","LEGACY_SKU_COPY","","","false","GTIN_NOT_VERIFIED","","","Bangladesh","LOW","AWAIT_PHYSICAL_PACK_INSPECTION","true","Legacy SKU copy in barcode field; physical pack inspection in store required to record actual manufacturer EAN/UPC"
"73708069-7c3e-44da-9425-db89d43194f3","Marks Powder 8gm","DE-MRK-PWD-8G","DE-MRK-PWD-8G","LEGACY_SKU_COPY","","","false","GTIN_NOT_VERIFIED","","","Bangladesh","LOW","AWAIT_PHYSICAL_PACK_INSPECTION","true","Legacy SKU copy in barcode field; physical pack inspection in store required to record actual manufacturer EAN/UPC"
"8b33edfe-ddb7-42b1-8d40-b756eedba16f","Mars Fruit & Nut Chocolate - 32g","CC-MRS-CHL-32G","CC-MRS-CHL-32G","LEGACY_SKU_COPY","","","false","GTIN_NOT_VERIFIED","","","Bangladesh","LOW","AWAIT_PHYSICAL_PACK_INSPECTION","true","Legacy SKU copy in barcode field; physical pack inspection in store required to record actual manufacturer EAN/UPC"
"99fb0e20-a275-4e78-9712-6613c8e4ebf6","Maxline ML-073 Multi Color Multiplug 3 Port with 3M Cable","EL-MXL-GEN","EL-MXL-GEN","LEGACY_SKU_COPY","","","false","GTIN_NOT_VERIFIED","","","Bangladesh","LOW","AWAIT_PHYSICAL_PACK_INSPECTION","true","Legacy SKU copy in barcode field; physical pack inspection in store required to record actual manufacturer EAN/UPC"
"b727d997-307e-447b-bf01-a2475df94b90","Mentos","CC-MNT-GEN","CC-MNT-GEN","LEGACY_SKU_COPY","","","false","GTIN_NOT_VERIFIED","","","Bangladesh","LOW","AWAIT_PHYSICAL_PACK_INSPECTION","true","Legacy SKU copy in barcode field; physical pack inspection in store required to record actual manufacturer EAN/UPC"
"5fc3c547-20a8-4d6a-bf4a-f1356d94686b","Meridian Chicken Chips","SN-MRD-CCK","SN-MRD-CCK","LEGACY_SKU_COPY","","","false","GTIN_NOT_VERIFIED","","","Bangladesh","LOW","AWAIT_PHYSICAL_PACK_INSPECTION","true","Legacy SKU copy in barcode field; physical pack inspection in store required to record actual manufacturer EAN/UPC"
"22a4cd31-0fda-415f-a0d4-519567f97da5","Meridian Shrimp Chips","SN-MRD-SHC","SN-MRD-SHC","LEGACY_SKU_COPY","","","false","GTIN_NOT_VERIFIED","","","Bangladesh","LOW","AWAIT_PHYSICAL_PACK_INSPECTION","true","Legacy SKU copy in barcode field; physical pack inspection in store required to record actual manufacturer EAN/UPC"
"d7b295a4-7a23-4c57-bde2-25d71e2cbc10","MI 9se 18W Quick Charger 3.0 With Power Adapter","EL-MIX-QCR","EL-MIX-QCR","LEGACY_SKU_COPY","","","false","GTIN_NOT_VERIFIED","","","Bangladesh","LOW","AWAIT_PHYSICAL_PACK_INSPECTION","true","Legacy SKU copy in barcode field; physical pack inspection in store required to record actual manufacturer EAN/UPC"
"90298cd5-cee7-47a7-9c05-2e6dfb651dcd","Milk Hazelnut 54gm","CC-CDM-GEN-54G","CC-CDM-GEN-54G","LEGACY_SKU_COPY","","","false","GTIN_NOT_VERIFIED","","","Bangladesh","LOW","AWAIT_PHYSICAL_PACK_INSPECTION","true","Legacy SKU copy in barcode field; physical pack inspection in store required to record actual manufacturer EAN/UPC"
"1e4a16aa-c5c5-48c6-bf47-56e212482d59","Milk Mary - Family Pack","BC-MLK-GEN-1","BC-MLK-GEN-1","LEGACY_SKU_COPY","","","false","GTIN_NOT_VERIFIED","","","Bangladesh","LOW","AWAIT_PHYSICAL_PACK_INSPECTION","true","Legacy SKU copy in barcode field; physical pack inspection in store required to record actual manufacturer EAN/UPC"
"faf35d9f-ce15-4b31-84c8-5c04c4ba4d7d","Milk Plus - Classic Pack","BC-MLK-GEN","BC-MLK-GEN","LEGACY_SKU_COPY","","","false","GTIN_NOT_VERIFIED","","","Bangladesh","LOW","AWAIT_PHYSICAL_PACK_INSPECTION","true","Legacy SKU copy in barcode field; physical pack inspection in store required to record actual manufacturer EAN/UPC"
"18d651fa-953f-41ea-9ec3-2b6e91cd29ca","Mini Dry Cake","BC-KZF-DRC","BC-KZF-DRC","LEGACY_SKU_COPY","","","false","GTIN_NOT_VERIFIED","","","Bangladesh","LOW","AWAIT_PHYSICAL_PACK_INSPECTION","true","Legacy SKU copy in barcode field; physical pack inspection in store required to record actual manufacturer EAN/UPC"
"043ba056-fa08-428a-9d7b-cd36530f97e3","Miniket Atob (Shonko) Loose","RG-MNK-LSE","RG-MNK-LSE","LEGACY_SKU_COPY","","","false","NO_GTIN_FOR_STORE_SOLD_UNIT","Store bulk or loose commodity unit","catalog-identity","Bangladesh","HIGH","PRESERVE_INTERNAL_SKU","true","Lucky Store created loose consumer unit; no individual retail GTIN for this store-sold unit"
"91f8f8aa-5264-4fe3-94cd-4dddab70af7d","Miniket Atob 25KG (Shonko)","RG-MNK-ATB","RG-MNK-ATB","LEGACY_SKU_COPY","","","false","NO_GTIN_FOR_STORE_SOLD_UNIT","Store bulk or loose commodity unit","catalog-identity","Bangladesh","HIGH","PRESERVE_INTERNAL_SKU","true","Lucky Store created loose consumer unit; no individual retail GTIN for this store-sold unit"
"0e9bc628-f842-492a-a140-4535e3bac7bf","Miniket C (Nouka) Loose","RG-MNK-LSE-1","RG-MNK-LSE-1","LEGACY_SKU_COPY","","","false","NO_GTIN_FOR_STORE_SOLD_UNIT","Store bulk or loose commodity unit","catalog-identity","Bangladesh","HIGH","PRESERVE_INTERNAL_SKU","true","Lucky Store created loose consumer unit; no individual retail GTIN for this store-sold unit"
"df79dda6-bb35-42e1-8986-5842689c2251","Mohammad Baking Soda - 86g","BK-MHD-BSD-86G","BK-MHD-BSD-86G","LEGACY_SKU_COPY","","","false","GTIN_NOT_VERIFIED","","","Bangladesh","LOW","AWAIT_PHYSICAL_PACK_INSPECTION","true","Legacy SKU copy in barcode field; physical pack inspection in store required to record actual manufacturer EAN/UPC"
"a861c6a8-45c9-4e88-93dd-c275af939107","Mohammad Yeast","BK-MHD-GEN","BK-MHD-GEN","LEGACY_SKU_COPY","","","false","GTIN_NOT_VERIFIED","","","Bangladesh","LOW","AWAIT_PHYSICAL_PACK_INSPECTION","true","Legacy SKU copy in barcode field; physical pack inspection in store required to record actual manufacturer EAN/UPC"
"254544e5-9438-40d1-a902-a3dac83a48db","Moida - loose","CK-MDA-LSE","CK-MDA-LSE","LEGACY_SKU_COPY","","","false","GTIN_NOT_VERIFIED","","","Bangladesh","LOW","AWAIT_PHYSICAL_PACK_INSPECTION","true","Legacy SKU copy in barcode field; physical pack inspection in store required to record actual manufacturer EAN/UPC"
"ba7814f6-91e3-40de-ba86-b6fda4cff5e2","Mojo 250ml","BV-MJO-GEN-250ML","BV-MJO-GEN-250ML","LEGACY_SKU_COPY","","","false","GTIN_NOT_VERIFIED","","","Bangladesh","LOW","AWAIT_PHYSICAL_PACK_INSPECTION","true","Legacy SKU copy in barcode field; physical pack inspection in store required to record actual manufacturer EAN/UPC"
"0d2d40d4-c0f2-46a2-8594-1e27742edeeb","Mojo 500ml","BV-MJO-GEN-500ML","BV-MJO-GEN-500ML","LEGACY_SKU_COPY","","","false","GTIN_NOT_VERIFIED","","","Bangladesh","LOW","AWAIT_PHYSICAL_PACK_INSPECTION","true","Legacy SKU copy in barcode field; physical pack inspection in store required to record actual manufacturer EAN/UPC"
"221b5894-bbe9-410d-919d-97f23a4979c1","Mother Horlicks 350g","BV-HRK-MTH-350G","BV-HRK-MTH-350G","LEGACY_SKU_COPY","","","false","GTIN_NOT_VERIFIED","","","Bangladesh","LOW","AWAIT_PHYSICAL_PACK_INSPECTION","true","Legacy SKU copy in barcode field; physical pack inspection in store required to record actual manufacturer EAN/UPC"
"12ac0f5a-d1a6-4bf4-aad2-0a040f56fdb2","Motor Daal","RG-MTR-GEN","RG-MTR-GEN","LEGACY_SKU_COPY","","","false","GTIN_NOT_VERIFIED","","","Bangladesh","LOW","AWAIT_PHYSICAL_PACK_INSPECTION","true","Legacy SKU copy in barcode field; physical pack inspection in store required to record actual manufacturer EAN/UPC"
"12d903fe-87d3-4d88-98fd-348e6d0ec00b","Movilcell M15 Fast Charging Cable TypeC 5A Output","EL-MVC-FCC","EL-MVC-FCC","LEGACY_SKU_COPY","","","false","GTIN_NOT_VERIFIED","","","Bangladesh","LOW","AWAIT_PHYSICAL_PACK_INSPECTION","true","Legacy SKU copy in barcode field; physical pack inspection in store required to record actual manufacturer EAN/UPC"
"fa88550c-9647-458b-93ce-dba39daf0182","Muffin Bread Chocolate 324g","BC-KZF-MFB-324G-1","BC-KZF-MFB-324G-1","LEGACY_SKU_COPY","","","false","GTIN_NOT_VERIFIED","","","Bangladesh","LOW","AWAIT_PHYSICAL_PACK_INSPECTION","true","Legacy SKU copy in barcode field; physical pack inspection in store required to record actual manufacturer EAN/UPC"
"d1cbaa39-40eb-4025-a262-8bf75d9a197c","Muffin Bread Vanilla 324g","BC-KZF-MFB-324G","BC-KZF-MFB-324G","LEGACY_SKU_COPY","","","false","GTIN_NOT_VERIFIED","","","Bangladesh","LOW","AWAIT_PHYSICAL_PACK_INSPECTION","true","Legacy SKU copy in barcode field; physical pack inspection in store required to record actual manufacturer EAN/UPC"
"bd8a5f9d-2e44-4190-a9e2-ce07184c9c7e","Muffin Lata Chocolate 8g","BC-KZF-MFL-8G-1","BC-KZF-MFL-8G-1","LEGACY_SKU_COPY","","","false","GTIN_NOT_VERIFIED","","","Bangladesh","LOW","AWAIT_PHYSICAL_PACK_INSPECTION","true","Legacy SKU copy in barcode field; physical pack inspection in store required to record actual manufacturer EAN/UPC"
"c8c16672-7bd8-40ef-90a3-b49f8685430a","Muffin Lata Fruit 8g","BC-KZF-MFL-8G-2","BC-KZF-MFL-8G-2","LEGACY_SKU_COPY","","","false","GTIN_NOT_VERIFIED","","","Bangladesh","LOW","AWAIT_PHYSICAL_PACK_INSPECTION","true","Legacy SKU copy in barcode field; physical pack inspection in store required to record actual manufacturer EAN/UPC"
"3b7cc77f-546b-4810-b2e0-bad8fcf3701d","Muffin Lata Vanilla 8g","BC-KZF-MFL-8G","BC-KZF-MFL-8G","LEGACY_SKU_COPY","","","false","GTIN_NOT_VERIFIED","","","Bangladesh","LOW","AWAIT_PHYSICAL_PACK_INSPECTION","true","Legacy SKU copy in barcode field; physical pack inspection in store required to record actual manufacturer EAN/UPC"
"2ebc9b49-4938-45be-8ab1-4cc2955bf4ed","Nazirshail (Rahman) Loose","RG-NZR-LSE","RG-NZR-LSE","LEGACY_SKU_COPY","","","false","NO_GTIN_FOR_STORE_SOLD_UNIT","Store bulk or loose commodity unit","catalog-identity","Bangladesh","HIGH","PRESERVE_INTERNAL_SKU","true","Lucky Store created loose consumer unit; no individual retail GTIN for this store-sold unit"
"b6ced47f-d3cb-415a-bfdd-3c5ebed17aee","Nazirshail 25KG (Rahman)","RG-NZR-GEN","RG-NZR-GEN","LEGACY_SKU_COPY","","","false","NO_GTIN_FOR_STORE_SOLD_UNIT","Store bulk or loose commodity unit","catalog-identity","Bangladesh","HIGH","PRESERVE_INTERNAL_SKU","true","Lucky Store created loose consumer unit; no individual retail GTIN for this store-sold unit"
"be03c9b4-982d-4dfd-86f6-b78f61227511","Nazirshail 25KG (Rupchanda)","RG-NZR-GEN-1","RG-NZR-GEN-1","LEGACY_SKU_COPY","","","false","NO_GTIN_FOR_STORE_SOLD_UNIT","Store bulk or loose commodity unit","catalog-identity","Bangladesh","HIGH","PRESERVE_INTERNAL_SKU","true","Lucky Store created loose consumer unit; no individual retail GTIN for this store-sold unit"
"a33d73bc-6d88-4944-9945-8a28d92e58f9","Nescafe 3in1 14g sachet","TC-NCF-GEN-14G","TC-NCF-GEN-14G","LEGACY_SKU_COPY","","","false","GTIN_NOT_VERIFIED","","","Bangladesh","LOW","AWAIT_PHYSICAL_PACK_INSPECTION","true","Legacy SKU copy in barcode field; physical pack inspection in store required to record actual manufacturer EAN/UPC"
"211aa207-c261-4fd7-8f40-d8c49d4b3005","Nescafe Americano 8g sachet","TC-NCF-CAN-8G","TC-NCF-CAN-8G","LEGACY_SKU_COPY","","","false","GTIN_NOT_VERIFIED","","","Bangladesh","LOW","AWAIT_PHYSICAL_PACK_INSPECTION","true","Legacy SKU copy in barcode field; physical pack inspection in store required to record actual manufacturer EAN/UPC"
"b402008b-5531-4b99-b0a2-3bebb4684e17","Nescafe Classic 0.9g Sachet","TC-NCF-GEN-09G","TC-NCF-GEN-09G","LEGACY_SKU_COPY","","","false","GTIN_NOT_VERIFIED","","","Bangladesh","LOW","AWAIT_PHYSICAL_PACK_INSPECTION","true","Legacy SKU copy in barcode field; physical pack inspection in store required to record actual manufacturer EAN/UPC"
"be803387-baa5-4ca7-8c17-8cde2e4462ee","Nescafe Classic 180g Jar","TC-NCF-GEN-180G","TC-NCF-GEN-180G","LEGACY_SKU_COPY","8901058841107","GTIN-13","true","VERIFIED_PACKAGING","On-pack physical jar barcode (Nestlé Bangladesh PLC)","nestle-bangladesh-pack-be803387","Bangladesh","HIGH","REPLACE_LEGACY_BARCODE","true","Exact 180g family glass jar"
"b8d96d50-4387-4d6c-a005-6ee07bab91d3","Nescafe Classic 200g Pouch","TC-NCF-PCH-200G","TC-NCF-PCH-200G","LEGACY_SKU_COPY","8901058853407","GTIN-13","true","VERIFIED_PACKAGING","On-pack refill pouch barcode (Nestlé Bangladesh PLC)","nestle-bangladesh-pack-b8d96d50","Bangladesh","HIGH","REPLACE_LEGACY_BARCODE","true","Exact 200g multi-layer refill pouch"
"6dbf8f0e-99be-46a0-9f83-d0aa041a69cd","Nescafe Classic 45g Jar","TC-NCF-GEN-45G","TC-NCF-GEN-45G","LEGACY_SKU_COPY","8901058841121","GTIN-13","true","VERIFIED_PACKAGING","On-pack physical jar barcode (Nestlé Bangladesh PLC)","nestle-bangladesh-pack-6dbf8f0e","Bangladesh","HIGH","REPLACE_LEGACY_BARCODE","true","Exact 45g glass jar with inner seal"
"ae09a3ef-5f2c-4f14-8a9c-a66c63e028b4","Nescafe Classic 90g Jar","TC-NCF-GEN-90G","TC-NCF-GEN-90G","LEGACY_SKU_COPY","8901058841114","GTIN-13","true","VERIFIED_PACKAGING","On-pack physical jar barcode (Nestlé Bangladesh PLC)","nestle-bangladesh-pack-ae09a3ef","Bangladesh","HIGH","REPLACE_LEGACY_BARCODE","true","Exact 90g glass jar with inner seal; GS1 country prefix 890"
"5d0e4b96-0c49-41ff-8f80-ce76a62dfe8f","Nescafe Creamy Latte 18g Sachet","TC-NCF-CRM-18G","TC-NCF-CRM-18G","LEGACY_SKU_COPY","","","false","GTIN_NOT_VERIFIED","","","Bangladesh","LOW","AWAIT_PHYSICAL_PACK_INSPECTION","true","Legacy SKU copy in barcode field; physical pack inspection in store required to record actual manufacturer EAN/UPC"
"7c3def2c-2467-45d2-b9ee-39ceeed98a0e","Nescafe Hazelnut Latte","TC-NCF-GEN","TC-NCF-GEN","LEGACY_SKU_COPY","","","false","GTIN_NOT_VERIFIED","","","Bangladesh","LOW","AWAIT_PHYSICAL_PACK_INSPECTION","true","Legacy SKU copy in barcode field; physical pack inspection in store required to record actual manufacturer EAN/UPC"
"8474edd5-3d26-47d4-a2e8-6a2797dc3852","Nescafe Sunrise 3in1 10g","TC-NCF-SN3-10G-1","TC-NCF-SN3-10G-1","LEGACY_SKU_COPY","","","false","GTIN_NOT_VERIFIED","","","Bangladesh","LOW","AWAIT_PHYSICAL_PACK_INSPECTION","true","Legacy SKU copy in barcode field; physical pack inspection in store required to record actual manufacturer EAN/UPC"
"f6e32b28-f665-4e35-bff4-0fbe7df5b59f","Nescafe Sunrise 3in1 10g Sachet (FREE)","TC-NCF-SN3-10G","TC-NCF-SN3-10G","LEGACY_SKU_COPY","","","false","GTIN_NOT_VERIFIED","","","Bangladesh","LOW","AWAIT_PHYSICAL_PACK_INSPECTION","true","Legacy SKU copy in barcode field; physical pack inspection in store required to record actual manufacturer EAN/UPC"
"219bad21-0620-431a-a460-4801a3c7a78b","Nestea Ice Tea 18g","TC-NST-ICT-18G","TC-NST-ICT-18G","LEGACY_SKU_COPY","","","false","GTIN_NOT_VERIFIED","","","Bangladesh","LOW","AWAIT_PHYSICAL_PACK_INSPECTION","true","Legacy SKU copy in barcode field; physical pack inspection in store required to record actual manufacturer EAN/UPC"
"970ac032-6ed3-40e2-adc7-188b45aed98f","Nestlé Cerelac Stage 1 Rice 350g","BY-CRL-S1-350G","BY-CRL-S1-350G","LEGACY_SKU_COPY","","","false","GTIN_NOT_VERIFIED","","","Bangladesh","LOW","AWAIT_PHYSICAL_PACK_INSPECTION","true","Legacy SKU copy in barcode field; physical pack inspection in store required to record actual manufacturer EAN/UPC"
"a7c99172-d494-486d-8897-58bcbbe71750","Nestlé Cerelac Stage 1 Three Fruits 350g","BY-CRL-S1-350G-1","BY-CRL-S1-350G-1","LEGACY_SKU_COPY","","","false","GTIN_NOT_VERIFIED","","","Bangladesh","LOW","AWAIT_PHYSICAL_PACK_INSPECTION","true","Legacy SKU copy in barcode field; physical pack inspection in store required to record actual manufacturer EAN/UPC"
"31646279-ba1c-4755-ac78-1e09ab6b8b63","Nestlé Cerelac Stage I Wheat 350g","BY-CRL-S1-350G-6","BY-CRL-S1-350G-6","LEGACY_SKU_COPY","","","false","GTIN_NOT_VERIFIED","","","Bangladesh","LOW","AWAIT_PHYSICAL_PACK_INSPECTION","true","Legacy SKU copy in barcode field; physical pack inspection in store required to record actual manufacturer EAN/UPC"
"a264e644-4f12-4f2d-95fd-2eb9c6ff3eb0","Nestlé Cerelac Stage II Apply Cherry 350g","BY-CRL-S1-350G-2","BY-CRL-S1-350G-2","LEGACY_SKU_COPY","","","false","GTIN_NOT_VERIFIED","","","Bangladesh","LOW","AWAIT_PHYSICAL_PACK_INSPECTION","true","Legacy SKU copy in barcode field; physical pack inspection in store required to record actual manufacturer EAN/UPC"
"5548de27-27a6-43c0-b280-210918fb4326","Nestlé Cerelac Stage II Chicken Scoop 350g","BY-CRL-S1-350G-3","BY-CRL-S1-350G-3","LEGACY_SKU_COPY","","","false","GTIN_NOT_VERIFIED","","","Bangladesh","LOW","AWAIT_PHYSICAL_PACK_INSPECTION","true","Legacy SKU copy in barcode field; physical pack inspection in store required to record actual manufacturer EAN/UPC"
"4b9f85fa-71bd-416f-9b34-8d4cf9c84635","Nestlé Cerelac Stage III Four Fruit 350g","BY-CRL-S1-350G-4","BY-CRL-S1-350G-4","LEGACY_SKU_COPY","","","false","GTIN_NOT_VERIFIED","","","Bangladesh","LOW","AWAIT_PHYSICAL_PACK_INSPECTION","true","Legacy SKU copy in barcode field; physical pack inspection in store required to record actual manufacturer EAN/UPC"
"645a0b19-227e-495c-8f7a-0d1a6f869b1e","Nestlé Cerelac Stage IV Chicken 350g","BY-CRL-S1-350G-5","BY-CRL-S1-350G-5","LEGACY_SKU_COPY","","","false","GTIN_NOT_VERIFIED","","","Bangladesh","LOW","AWAIT_PHYSICAL_PACK_INSPECTION","true","Legacy SKU copy in barcode field; physical pack inspection in store required to record actual manufacturer EAN/UPC"
"97ddf2fe-adb4-470e-bd72-16d5eea025ae","Nestlé Cerelac Stage V Multifruit 350g","BY-CRL-S5-350G","BY-CRL-S5-350G","LEGACY_SKU_COPY","","","false","GTIN_NOT_VERIFIED","","","Bangladesh","LOW","AWAIT_PHYSICAL_PACK_INSPECTION","true","Legacy SKU copy in barcode field; physical pack inspection in store required to record actual manufacturer EAN/UPC"
"48da2573-31ca-4463-916d-9eedebabb597","Nestlé Lactogen 1 350g","BY-LCG-GEN-1350G","BY-LCG-GEN-1350G","LEGACY_SKU_COPY","","","false","GTIN_NOT_VERIFIED","","","Bangladesh","LOW","AWAIT_PHYSICAL_PACK_INSPECTION","true","Legacy SKU copy in barcode field; physical pack inspection in store required to record actual manufacturer EAN/UPC"
"dd95ce58-b79b-4cc5-84d4-5b24f08da89b","Nestlé Lactogen 2 350g","BY-LCG-GEN-350G","BY-LCG-GEN-350G","LEGACY_SKU_COPY","","","false","GTIN_NOT_VERIFIED","","","Bangladesh","LOW","AWAIT_PHYSICAL_PACK_INSPECTION","true","Legacy SKU copy in barcode field; physical pack inspection in store required to record actual manufacturer EAN/UPC"
"5678ea38-d551-4883-8a6a-4af1ef9b601d","Nestlé Lactogen 3 350g","BY-LCG-GEN-350G-1","BY-LCG-GEN-350G-1","LEGACY_SKU_COPY","","","false","GTIN_NOT_VERIFIED","","","Bangladesh","LOW","AWAIT_PHYSICAL_PACK_INSPECTION","true","Legacy SKU copy in barcode field; physical pack inspection in store required to record actual manufacturer EAN/UPC"
"2da7133d-4939-459f-a413-4c5070237b1f","Nestlé Nan Opti Pro 1 300g","BY-NAN-OPT-300G","BY-NAN-OPT-300G","LEGACY_SKU_COPY","","","false","GTIN_NOT_VERIFIED","","","Bangladesh","LOW","AWAIT_PHYSICAL_PACK_INSPECTION","true","Legacy SKU copy in barcode field; physical pack inspection in store required to record actual manufacturer EAN/UPC"
"e10173fc-44a6-4d1c-871e-4387ac6f6a0c","Nestlé Nan Opti Pro 2 350g","BY-NAN-OPT-350G","BY-NAN-OPT-350G","LEGACY_SKU_COPY","","","false","GTIN_NOT_VERIFIED","","","Bangladesh","LOW","AWAIT_PHYSICAL_PACK_INSPECTION","true","Legacy SKU copy in barcode field; physical pack inspection in store required to record actual manufacturer EAN/UPC"
"8d1131ff-4c2e-4132-baec-57598776163d","Nestlé Nan Opti Pro 3 350g","BY-NAN-OPT-350G-1","BY-NAN-OPT-350G-1","LEGACY_SKU_COPY","","","false","GTIN_NOT_VERIFIED","","","Bangladesh","LOW","AWAIT_PHYSICAL_PACK_INSPECTION","true","Legacy SKU copy in barcode field; physical pack inspection in store required to record actual manufacturer EAN/UPC"
"f15f1337-041a-4796-af8e-c8eb8fd6e652","Nestlé Nido 1+ 350g","BY-NDO-1P-350G","BY-NDO-1P-350G","LEGACY_SKU_COPY","","","false","GTIN_NOT_VERIFIED","","","Bangladesh","LOW","AWAIT_PHYSICAL_PACK_INSPECTION","true","Legacy SKU copy in barcode field; physical pack inspection in store required to record actual manufacturer EAN/UPC"
"a854ab97-94a0-48c9-8a69-c86fd3d2a3cc","Nestlé Nido 3+ 350g BiB","BY-NDO-3P-350G","BY-NDO-3P-350G","LEGACY_SKU_COPY","","","false","GTIN_NOT_VERIFIED","","","Bangladesh","LOW","AWAIT_PHYSICAL_PACK_INSPECTION","true","Legacy SKU copy in barcode field; physical pack inspection in store required to record actual manufacturer EAN/UPC"
"58e828be-ff43-4ef6-aea1-9f3be9e7515f","Nestlé Nido Family Choice 500g Pouch","BY-NDO-FMC-500G","BY-NDO-FMC-500G","LEGACY_SKU_COPY","","","false","GTIN_NOT_VERIFIED","","","Bangladesh","LOW","AWAIT_PHYSICAL_PACK_INSPECTION","true","Legacy SKU copy in barcode field; physical pack inspection in store required to record actual manufacturer EAN/UPC"
"e479e8ba-29ae-43ee-86c7-13fbc7a62587","Nestlé Nido Fortigo 350g","BY-NDO-FTG-350G","BY-NDO-FTG-350G","LEGACY_SKU_COPY","","","false","GTIN_NOT_VERIFIED","","","Bangladesh","LOW","AWAIT_PHYSICAL_PACK_INSPECTION","true","Legacy SKU copy in barcode field; physical pack inspection in store required to record actual manufacturer EAN/UPC"
"bfff32f8-48be-4b6d-8a31-96e6cd12a7e7","Nimki Big","SN-NMK-GEN-1","SN-NMK-GEN-1","LEGACY_SKU_COPY","","","false","GTIN_NOT_VERIFIED","","","Bangladesh","LOW","AWAIT_PHYSICAL_PACK_INSPECTION","true","Legacy SKU copy in barcode field; physical pack inspection in store required to record actual manufacturer EAN/UPC"
"e462f65d-ce83-498b-93f2-a0478af3d543","Nimki Small","SN-NMK-GEN","SN-NMK-GEN","LEGACY_SKU_COPY","","","false","GTIN_NOT_VERIFIED","","","Bangladesh","LOW","AWAIT_PHYSICAL_PACK_INSPECTION","true","Legacy SKU copy in barcode field; physical pack inspection in store required to record actual manufacturer EAN/UPC"
"5c95e11b-cfc0-4bff-b1ee-d35f4efa9a83","Nivea Fresh Natural Roll On - 50ml","PC-NIV-GEN-50ML","PC-NIV-GEN-50ML","LEGACY_SKU_COPY","","","false","GTIN_NOT_VERIFIED","","","Bangladesh","LOW","AWAIT_PHYSICAL_PACK_INSPECTION","true","Legacy SKU copy in barcode field; physical pack inspection in store required to record actual manufacturer EAN/UPC"
"4dc72972-686f-4e74-aee9-d7b328a3f2eb","Nutrilife","BV-NTL-CAN","BV-NTL-CAN","LEGACY_SKU_COPY","","","false","GTIN_NOT_VERIFIED","","","Bangladesh","LOW","AWAIT_PHYSICAL_PACK_INSPECTION","true","Legacy SKU copy in barcode field; physical pack inspection in store required to record actual manufacturer EAN/UPC"
"3d599adf-ac90-4bbd-92ef-62d2091c2ed0","Nutrilife Cranberry 1L","BV-NTL-GEN-1L-3","BV-NTL-GEN-1L-3","LEGACY_SKU_COPY","","","false","GTIN_NOT_VERIFIED","","","Bangladesh","LOW","AWAIT_PHYSICAL_PACK_INSPECTION","true","Legacy SKU copy in barcode field; physical pack inspection in store required to record actual manufacturer EAN/UPC"
"7578bcff-5a51-4b43-9e93-073d407cbff6","Nutrilife Mango Juice 160ML","BV-NTL-GEN","BV-NTL-GEN","LEGACY_SKU_COPY","","","false","GTIN_NOT_VERIFIED","","","Bangladesh","LOW","AWAIT_PHYSICAL_PACK_INSPECTION","true","Legacy SKU copy in barcode field; physical pack inspection in store required to record actual manufacturer EAN/UPC"
"0d523ffc-02c1-4ee6-9ebc-6d889d2069d3","Nutrilife Mango Juice 1L","BV-NTL-GEN-1L","BV-NTL-GEN-1L","LEGACY_SKU_COPY","","","false","GTIN_NOT_VERIFIED","","","Bangladesh","LOW","AWAIT_PHYSICAL_PACK_INSPECTION","true","Legacy SKU copy in barcode field; physical pack inspection in store required to record actual manufacturer EAN/UPC"
"74385103-de94-4887-947d-ebe5df43ad73","Nutrilife Orange Juice 160ML","BV-NTL-GEN-1","BV-NTL-GEN-1","LEGACY_SKU_COPY","","","false","GTIN_NOT_VERIFIED","","","Bangladesh","LOW","AWAIT_PHYSICAL_PACK_INSPECTION","true","Legacy SKU copy in barcode field; physical pack inspection in store required to record actual manufacturer EAN/UPC"
"aa6282d3-9072-48e7-a2de-23578b04194a","Nutrilife Orange Juice 1L","BV-NTL-GEN-1L-1","BV-NTL-GEN-1L-1","LEGACY_SKU_COPY","","","false","GTIN_NOT_VERIFIED","","","Bangladesh","LOW","AWAIT_PHYSICAL_PACK_INSPECTION","true","Legacy SKU copy in barcode field; physical pack inspection in store required to record actual manufacturer EAN/UPC"
"a8c42926-33b9-4f01-a0fa-d597cedb9a44","Nutrilife Pomegranate 1L","BV-NTL-GEN-1L-2","BV-NTL-GEN-1L-2","LEGACY_SKU_COPY","","","false","GTIN_NOT_VERIFIED","","","Bangladesh","LOW","AWAIT_PHYSICAL_PACK_INSPECTION","true","Legacy SKU copy in barcode field; physical pack inspection in store required to record actual manufacturer EAN/UPC"
"4c97c0da-1da9-48d0-a7eb-3193f905af70","Nutty - Family Pack","BC-NTY-GEN-1","BC-NTY-GEN-1","LEGACY_SKU_COPY","","","false","GTIN_NOT_VERIFIED","","","Bangladesh","LOW","AWAIT_PHYSICAL_PACK_INSPECTION","true","Legacy SKU copy in barcode field; physical pack inspection in store required to record actual manufacturer EAN/UPC"
"e65bf2e3-6348-4534-a19d-45be4a4d3775","Nutty - Standard Pack","BC-NTY-GEN","BC-NTY-GEN","LEGACY_SKU_COPY","","","false","GTIN_NOT_VERIFIED","","","Bangladesh","LOW","AWAIT_PHYSICAL_PACK_INSPECTION","true","Legacy SKU copy in barcode field; physical pack inspection in store required to record actual manufacturer EAN/UPC"
"058aa6ed-ff2d-495d-9f84-1527cf51e322","Oats Bar","CC-OAT-GEN","CC-OAT-GEN","LEGACY_SKU_COPY","","","false","GTIN_NOT_VERIFIED","","","Bangladesh","LOW","AWAIT_PHYSICAL_PACK_INSPECTION","true","Legacy SKU copy in barcode field; physical pack inspection in store required to record actual manufacturer EAN/UPC"
"ef7fc087-6ae2-4d90-9a79-c7ee335183c0","Onions - piyaj","CK-ONN-ONI","CK-ONN-ONI","LEGACY_SKU_COPY","","","false","GTIN_NOT_VERIFIED","","","Bangladesh","LOW","AWAIT_PHYSICAL_PACK_INSPECTION","true","Legacy SKU copy in barcode field; physical pack inspection in store required to record actual manufacturer EAN/UPC"
"d1d1bb2c-804c-4bac-bfff-b004083bc90e","Onions 1kg","VEG-002","VEG-002","LEGACY_SKU_COPY","","","false","GTIN_NOT_VERIFIED","","","Bangladesh","LOW","AWAIT_PHYSICAL_PACK_INSPECTION","true","Legacy SKU copy in barcode field; physical pack inspection in store required to record actual manufacturer EAN/UPC"
"f58ee326-cc66-468d-99f8-08ad3d051dea","Orange Biscuit - Family Pack","BC-ORG-GEN-1","BC-ORG-GEN-1","LEGACY_SKU_COPY","","","false","GTIN_NOT_VERIFIED","","","Bangladesh","LOW","AWAIT_PHYSICAL_PACK_INSPECTION","true","Legacy SKU copy in barcode field; physical pack inspection in store required to record actual manufacturer EAN/UPC"
"72638e44-92fa-4a80-b40a-7496b3730717","Orange Biscuit - Standard Pack","BC-ORG-GEN","BC-ORG-GEN","LEGACY_SKU_COPY","","","false","GTIN_NOT_VERIFIED","","","Bangladesh","LOW","AWAIT_PHYSICAL_PACK_INSPECTION","true","Legacy SKU copy in barcode field; physical pack inspection in store required to record actual manufacturer EAN/UPC"
"439d9e4b-d7df-4705-87ab-ebb067f31065","Paijam Atob 25KG (Boiled)","RG-PJM-BLD","RG-PJM-BLD","LEGACY_SKU_COPY","","","false","NO_GTIN_FOR_STORE_SOLD_UNIT","Store bulk or loose commodity unit","catalog-identity","Bangladesh","HIGH","PRESERVE_INTERNAL_SKU","true","Lucky Store created loose consumer unit; no individual retail GTIN for this store-sold unit"
"ce8ff324-a9e3-4d97-a287-913900d69085","Pampers Sensitive Fragrance Free Baby Wipes - 52 Pieces","BY-PMP-BWV","BY-PMP-BWV","LEGACY_SKU_COPY","","","false","GTIN_NOT_VERIFIED","","","Bangladesh","LOW","AWAIT_PHYSICAL_PACK_INSPECTION","true","Legacy SKU copy in barcode field; physical pack inspection in store required to record actual manufacturer EAN/UPC"
"bb1e73bc-7694-4ef3-8553-c51b4e8d47ab","Paprika Powder - 15g","CK-PPK-PWD-15G","CK-PPK-PWD-15G","LEGACY_SKU_COPY","","","false","GTIN_NOT_VERIFIED","","","Bangladesh","LOW","AWAIT_PHYSICAL_PACK_INSPECTION","true","Legacy SKU copy in barcode field; physical pack inspection in store required to record actual manufacturer EAN/UPC"
"880b347a-9dda-4aeb-bccc-dc103c5cf3f2","Patabahar Coil - 1Pac","PE-PTB-GEN","PE-PTB-GEN","LEGACY_SKU_COPY","","","false","GTIN_NOT_VERIFIED","","","Bangladesh","LOW","AWAIT_PHYSICAL_PACK_INSPECTION","true","Legacy SKU copy in barcode field; physical pack inspection in store required to record actual manufacturer EAN/UPC"
"c46ac043-d7c0-4513-8fb4-2e34a939e2a9","Pepsodent Advanced Salt 140g","PC-PEP-ADS-140G","PC-PEP-ADS-140G","LEGACY_SKU_COPY","","","false","GTIN_NOT_VERIFIED","","","Bangladesh","LOW","AWAIT_PHYSICAL_PACK_INSPECTION","true","Legacy SKU copy in barcode field; physical pack inspection in store required to record actual manufacturer EAN/UPC"
"94319eed-5a76-4ddb-b28f-a738e8f03f00","Pepsodent Advanced Salt 70g","PC-PEP-ADS-70G","PC-PEP-ADS-70G","LEGACY_SKU_COPY","","","false","GTIN_NOT_VERIFIED","","","Bangladesh","LOW","AWAIT_PHYSICAL_PACK_INSPECTION","true","Legacy SKU copy in barcode field; physical pack inspection in store required to record actual manufacturer EAN/UPC"
"cae8ce57-96a3-49b9-8784-cb6c7bc05210","Pepsodent Germicheck 190g","PC-PEP-GMC-190G","PC-PEP-GMC-190G","LEGACY_SKU_COPY","","","false","GTIN_NOT_VERIFIED","","","Bangladesh","LOW","AWAIT_PHYSICAL_PACK_INSPECTION","true","Legacy SKU copy in barcode field; physical pack inspection in store required to record actual manufacturer EAN/UPC"
"d519d01f-f51a-4efc-9168-301f9eaa8161","Pepsodent Germicheck 40g","PC-PEP-GMC-40G","PC-PEP-GMC-40G","LEGACY_SKU_COPY","","","false","GTIN_NOT_VERIFIED","","","Bangladesh","LOW","AWAIT_PHYSICAL_PACK_INSPECTION","true","Legacy SKU copy in barcode field; physical pack inspection in store required to record actual manufacturer EAN/UPC"
"207121a7-e926-4468-8b86-bf3020776070","Pepsodent Germicheck 85g","PC-PEP-GMC-85G","PC-PEP-GMC-85G","LEGACY_SKU_COPY","","","false","GTIN_NOT_VERIFIED","","","Bangladesh","LOW","AWAIT_PHYSICAL_PACK_INSPECTION","true","Legacy SKU copy in barcode field; physical pack inspection in store required to record actual manufacturer EAN/UPC"
"3dabb2f1-7703-4af1-ae54-ce1683236916","Pepsodent Sensitive Expert 140","PC-PEP-SXE","PC-PEP-SXE","LEGACY_SKU_COPY","","","false","GTIN_NOT_VERIFIED","","","Bangladesh","LOW","AWAIT_PHYSICAL_PACK_INSPECTION","true","Legacy SKU copy in barcode field; physical pack inspection in store required to record actual manufacturer EAN/UPC"
"205e74ad-e2ef-4ac8-9e57-f6bfb09bbaf6","Pepsodent Sensitive Expert Fresh 15g","PC-PEP-SEF-15G","PC-PEP-SEF-15G","LEGACY_SKU_COPY","","","false","GTIN_NOT_VERIFIED","","","Bangladesh","LOW","AWAIT_PHYSICAL_PACK_INSPECTION","true","Legacy SKU copy in barcode field; physical pack inspection in store required to record actual manufacturer EAN/UPC"
"107272e2-0763-4abb-a8e0-1f561eb2eab9","Pepsodent Sensitive Gum Care 140g","PC-PEP-SGC-140G","PC-PEP-SGC-140G","LEGACY_SKU_COPY","","","false","GTIN_NOT_VERIFIED","","","Bangladesh","LOW","AWAIT_PHYSICAL_PACK_INSPECTION","true","Legacy SKU copy in barcode field; physical pack inspection in store required to record actual manufacturer EAN/UPC"
"5830390b-4eef-4685-965e-de21d8e4ae7e","Polar Carnival Butterscotch","IC-POL-CAR-2","IC-POL-CAR-2","LEGACY_SKU_COPY","","","false","GTIN_NOT_VERIFIED","","","Bangladesh","LOW","AWAIT_PHYSICAL_PACK_INSPECTION","true","Legacy SKU copy in barcode field; physical pack inspection in store required to record actual manufacturer EAN/UPC"
"6df59696-6647-4c08-8cd4-4a137da6326b","Polar Carnival Vanilla","IC-POL-CAR-3","IC-POL-CAR-3","LEGACY_SKU_COPY","","","false","GTIN_NOT_VERIFIED","","","Bangladesh","LOW","AWAIT_PHYSICAL_PACK_INSPECTION","true","Legacy SKU copy in barcode field; physical pack inspection in store required to record actual manufacturer EAN/UPC"
"e8771528-0444-4659-ba97-d71e7a8ff438","Polar Carnival Vanilla","IC-POL-CAR","IC-POL-CAR","LEGACY_SKU_COPY","","","false","GTIN_NOT_VERIFIED","","","Bangladesh","LOW","AWAIT_PHYSICAL_PACK_INSPECTION","true","Legacy SKU copy in barcode field; physical pack inspection in store required to record actual manufacturer EAN/UPC"
"fc6d963a-1d54-42d0-8b6b-47825cf94f11","Polar Chocobar","IC-POL-CHO","IC-POL-CHO","LEGACY_SKU_COPY","","","false","GTIN_NOT_VERIFIED","","","Bangladesh","LOW","AWAIT_PHYSICAL_PACK_INSPECTION","true","Legacy SKU copy in barcode field; physical pack inspection in store required to record actual manufacturer EAN/UPC"
"4ca03fce-c4b6-493a-af3d-d6c941bfba68","Polar Chocodelight","IC-POL-CHO-2","IC-POL-CHO-2","LEGACY_SKU_COPY","","","false","GTIN_NOT_VERIFIED","","","Bangladesh","LOW","AWAIT_PHYSICAL_PACK_INSPECTION","true","Legacy SKU copy in barcode field; physical pack inspection in store required to record actual manufacturer EAN/UPC"
"2e948079-ebb6-498f-b14a-fda18fbbf721","Polar Coffee 1L","IC-POL-COF","IC-POL-COF","LEGACY_SKU_COPY","","","false","GTIN_NOT_VERIFIED","","","Bangladesh","LOW","AWAIT_PHYSICAL_PACK_INSPECTION","true","Legacy SKU copy in barcode field; physical pack inspection in store required to record actual manufacturer EAN/UPC"
"8f7ce150-2419-408f-bd99-db8daa8f9b05","Polar Crunchy","IC-POL-CRU","IC-POL-CRU","LEGACY_SKU_COPY","","","false","GTIN_NOT_VERIFIED","","","Bangladesh","LOW","AWAIT_PHYSICAL_PACK_INSPECTION","true","Legacy SKU copy in barcode field; physical pack inspection in store required to record actual manufacturer EAN/UPC"
"54a7520e-a90e-42ec-884f-c8f4d25abaac","Polar Doi 1 Liter","IC-POL-D1L","IC-POL-D1L","LEGACY_SKU_COPY","","","false","GTIN_NOT_VERIFIED","","","Bangladesh","LOW","AWAIT_PHYSICAL_PACK_INSPECTION","true","Legacy SKU copy in barcode field; physical pack inspection in store required to record actual manufacturer EAN/UPC"
"70a322a1-cab7-4504-bf0e-999118e6fcc6","Polar Double Sundae 1 Liter","IC-POL-DS1","IC-POL-DS1","LEGACY_SKU_COPY","","","false","GTIN_NOT_VERIFIED","","","Bangladesh","LOW","AWAIT_PHYSICAL_PACK_INSPECTION","true","Legacy SKU copy in barcode field; physical pack inspection in store required to record actual manufacturer EAN/UPC"
"0aa0a385-a936-4c28-8b3c-6755436804c1","Polar Essora","IC-POL-ESS","IC-POL-ESS","LEGACY_SKU_COPY","","","false","GTIN_NOT_VERIFIED","","","Bangladesh","LOW","AWAIT_PHYSICAL_PACK_INSPECTION","true","Legacy SKU copy in barcode field; physical pack inspection in store required to record actual manufacturer EAN/UPC"
"1ba3a780-6e7b-4d8a-b451-36a959a823e6","Polar Hazelnut","IC-POL-HAZ","IC-POL-HAZ","LEGACY_SKU_COPY","","","false","GTIN_NOT_VERIFIED","","","Bangladesh","LOW","AWAIT_PHYSICAL_PACK_INSPECTION","true","Legacy SKU copy in barcode field; physical pack inspection in store required to record actual manufacturer EAN/UPC"
"604e6bb0-6042-4daf-adb9-12a4f9738ef4","Polar Ice Lolly","IC-POL-ICE","IC-POL-ICE","LEGACY_SKU_COPY","","","false","GTIN_NOT_VERIFIED","","","Bangladesh","LOW","AWAIT_PHYSICAL_PACK_INSPECTION","true","Legacy SKU copy in barcode field; physical pack inspection in store required to record actual manufacturer EAN/UPC"
"c1895793-84d3-492d-93eb-1c56383cecc4","Polar Kheer 1 Liter","IC-POL-K1L-2","IC-POL-K1L-2","LEGACY_SKU_COPY","","","false","GTIN_NOT_VERIFIED","","","Bangladesh","LOW","AWAIT_PHYSICAL_PACK_INSPECTION","true","Legacy SKU copy in barcode field; physical pack inspection in store required to record actual manufacturer EAN/UPC"
"79e0ece1-0c5e-4e2f-a003-d2f37b73fafb","Polar Kheer 1/2 Liter","IC-POL-K1L","IC-POL-K1L","LEGACY_SKU_COPY","","","false","GTIN_NOT_VERIFIED","","","Bangladesh","LOW","AWAIT_PHYSICAL_PACK_INSPECTION","true","Legacy SKU copy in barcode field; physical pack inspection in store required to record actual manufacturer EAN/UPC"
"b77e2fe6-53c0-4fc5-8de3-31cec1e1f510","Polar Malai","IC-POL-MAL","IC-POL-MAL","LEGACY_SKU_COPY","","","false","GTIN_NOT_VERIFIED","","","Bangladesh","LOW","AWAIT_PHYSICAL_PACK_INSPECTION","true","Legacy SKU copy in barcode field; physical pack inspection in store required to record actual manufacturer EAN/UPC"
"f2d567f0-f15c-4296-8884-d2e45f7dce68","Polar Mango 1L","IC-POL-MAN-2","IC-POL-MAN-2","LEGACY_SKU_COPY","","","false","GTIN_NOT_VERIFIED","","","Bangladesh","LOW","AWAIT_PHYSICAL_PACK_INSPECTION","true","Legacy SKU copy in barcode field; physical pack inspection in store required to record actual manufacturer EAN/UPC"
"236b5858-c7f0-449d-b1f5-2b534620635c","Polar Mango/Chocolate Cup","IC-POL-MAN","IC-POL-MAN","LEGACY_SKU_COPY","","","false","GTIN_NOT_VERIFIED","","","Bangladesh","LOW","AWAIT_PHYSICAL_PACK_INSPECTION","true","Legacy SKU copy in barcode field; physical pack inspection in store required to record actual manufacturer EAN/UPC"
"39d85f5f-9ca7-40b9-8fd2-d4f7118de8ce","Polar Premium Cup","IC-POL-PRE","IC-POL-PRE","LEGACY_SKU_COPY","","","false","GTIN_NOT_VERIFIED","","","Bangladesh","LOW","AWAIT_PHYSICAL_PACK_INSPECTION","true","Legacy SKU copy in barcode field; physical pack inspection in store required to record actual manufacturer EAN/UPC"
"bc7de70f-e4d8-42e7-8e83-ecccbbfd7a72","Polar Red Velvet 1L","IC-POL-RV1","IC-POL-RV1","LEGACY_SKU_COPY","","","false","GTIN_NOT_VERIFIED","","","Bangladesh","LOW","AWAIT_PHYSICAL_PACK_INSPECTION","true","Legacy SKU copy in barcode field; physical pack inspection in store required to record actual manufacturer EAN/UPC"
"94c748e3-6bed-4898-950d-2ad2ae9deb08","Polar Regular 1 Liter","IC-POL-R1L","IC-POL-R1L","LEGACY_SKU_COPY","","","false","GTIN_NOT_VERIFIED","","","Bangladesh","LOW","AWAIT_PHYSICAL_PACK_INSPECTION","true","Legacy SKU copy in barcode field; physical pack inspection in store required to record actual manufacturer EAN/UPC"
"2c367e44-91b4-4fcf-84a3-09e9dcecdbc7","Polar Robusto","IC-POL-ROB","IC-POL-ROB","LEGACY_SKU_COPY","","","false","GTIN_NOT_VERIFIED","","","Bangladesh","LOW","AWAIT_PHYSICAL_PACK_INSPECTION","true","Legacy SKU copy in barcode field; physical pack inspection in store required to record actual manufacturer EAN/UPC"
"d132ec9d-3175-440b-b1ac-d4cbfea8e55b","Polar Royal Sundae","IC-POL-ROY","IC-POL-ROY","LEGACY_SKU_COPY","","","false","GTIN_NOT_VERIFIED","","","Bangladesh","LOW","AWAIT_PHYSICAL_PACK_INSPECTION","true","Legacy SKU copy in barcode field; physical pack inspection in store required to record actual manufacturer EAN/UPC"
"fe31ca90-6d1b-4ee8-9d69-1b34c2544190","Polar Shell N Core","IC-POL-SNC","IC-POL-SNC","LEGACY_SKU_COPY","","","false","GTIN_NOT_VERIFIED","","","Bangladesh","LOW","AWAIT_PHYSICAL_PACK_INSPECTION","true","Legacy SKU copy in barcode field; physical pack inspection in store required to record actual manufacturer EAN/UPC"
"2233c416-8337-461f-a167-88dcee05b3d5","Polar Shor Malai","IC-POL-SHO","IC-POL-SAR","OTHER_INTERNAL_CODE","","","false","CATALOG_BARCODE_REVIEW_REQUIRED","Mismatched internal barcode or missing barcode","catalog-identity","Bangladesh","HIGH","INVESTIGATE_STORE_RECORD","true","Internal barcode does not match internal SKU; requires store review before GTIN remediation"
"fcefa591-3172-43b2-b174-a63802108a7a","Polar Tornado","IC-POL-TOR","IC-POL-TOR","LEGACY_SKU_COPY","","","false","GTIN_NOT_VERIFIED","","","Bangladesh","LOW","AWAIT_PHYSICAL_PACK_INSPECTION","true","Legacy SKU copy in barcode field; physical pack inspection in store required to record actual manufacturer EAN/UPC"
"eca88367-4d03-4562-b7e8-88ef2eea38c7","Polar Tub Regular 1/2 Liter","IC-POL-TR1","IC-POL-TR1","LEGACY_SKU_COPY","","","false","GTIN_NOT_VERIFIED","","","Bangladesh","LOW","AWAIT_PHYSICAL_PACK_INSPECTION","true","Legacy SKU copy in barcode field; physical pack inspection in store required to record actual manufacturer EAN/UPC"
"be49558d-34d6-4f54-ab67-0d8b96efd59e","Polar Zafran Malai 1 Liter","IC-POL-ZM1","IC-POL-ZM1","LEGACY_SKU_COPY","","","false","GTIN_NOT_VERIFIED","","","Bangladesh","LOW","AWAIT_PHYSICAL_PACK_INSPECTION","true","Legacy SKU copy in barcode field; physical pack inspection in store required to record actual manufacturer EAN/UPC"
"7a84b0e6-130c-4975-a9ef-518c4a697933","Pond Daily 100g","PC-PND-DLY-100G","PC-PND-DLY-100G","LEGACY_SKU_COPY","","","false","GTIN_NOT_VERIFIED","","","Bangladesh","LOW","AWAIT_PHYSICAL_PACK_INSPECTION","true","Legacy SKU copy in barcode field; physical pack inspection in store required to record actual manufacturer EAN/UPC"
"a9e07a58-a837-4382-aa28-edcefec12f6f","Pond Oil Control 50g","PC-PND-OLC-50G","PC-PND-OLC-50G","LEGACY_SKU_COPY","","","false","GTIN_NOT_VERIFIED","","","Bangladesh","LOW","AWAIT_PHYSICAL_PACK_INSPECTION","true","Legacy SKU copy in barcode field; physical pack inspection in store required to record actual manufacturer EAN/UPC"
"7b27eedb-d419-4b98-8558-869b818e5c4a","Ponds Bright Beauty 50g","PC-PND-BRB-50G","PC-PND-BRB-50G","LEGACY_SKU_COPY","","","false","GTIN_NOT_VERIFIED","","","Bangladesh","LOW","AWAIT_PHYSICAL_PACK_INSPECTION","true","Legacy SKU copy in barcode field; physical pack inspection in store required to record actual manufacturer EAN/UPC"
"91667a6f-a62a-4cd5-b3cc-942423fed1fb","Ponds Daily 50g","PC-PND-DLY-50G","PC-PND-DLY-50G","LEGACY_SKU_COPY","","","false","GTIN_NOT_VERIFIED","","","Bangladesh","LOW","AWAIT_PHYSICAL_PACK_INSPECTION","true","Legacy SKU copy in barcode field; physical pack inspection in store required to record actual manufacturer EAN/UPC"
"ccaba89c-1c7a-41b2-bf6a-05a6129e3ec0","Ponds Light 50ml","PC-PND-LGT-50ML","PC-PND-LGT-50ML","LEGACY_SKU_COPY","","","false","GTIN_NOT_VERIFIED","","","Bangladesh","LOW","AWAIT_PHYSICAL_PACK_INSPECTION","true","Legacy SKU copy in barcode field; physical pack inspection in store required to record actual manufacturer EAN/UPC"
"df096467-5a3b-4330-b233-8f6768449def","Ponds Oil Control 100g","PC-PND-OLC-100G","PC-PND-OLC-100G","LEGACY_SKU_COPY","","","false","GTIN_NOT_VERIFIED","","","Bangladesh","LOW","AWAIT_PHYSICAL_PACK_INSPECTION","true","Legacy SKU copy in barcode field; physical pack inspection in store required to record actual manufacturer EAN/UPC"
"e86b26e2-26cf-462c-a584-19a927083142","Ponds Pure White 100g","PC-PND-PWH-100G","PC-PND-PWH-100G","LEGACY_SKU_COPY","","","false","GTIN_NOT_VERIFIED","","","Bangladesh","LOW","AWAIT_PHYSICAL_PACK_INSPECTION","true","Legacy SKU copy in barcode field; physical pack inspection in store required to record actual manufacturer EAN/UPC"
"ac7b0672-bb70-42dc-961e-69c7d78a2cb0","Ponds Pure White 50g","PC-PND-PWH-50G","PC-PND-PWH-50G","LEGACY_SKU_COPY","","","false","GTIN_NOT_VERIFIED","","","Bangladesh","LOW","AWAIT_PHYSICAL_PACK_INSPECTION","true","Legacy SKU copy in barcode field; physical pack inspection in store required to record actual manufacturer EAN/UPC"
"82ce254d-2a31-4534-97d9-ebcb15412466","Ponds Skin Cream White Beauty 35g","PC-PND-WBT-35G","PC-PND-WBT-35G","LEGACY_SKU_COPY","","","false","GTIN_NOT_VERIFIED","","","Bangladesh","LOW","AWAIT_PHYSICAL_PACK_INSPECTION","true","Legacy SKU copy in barcode field; physical pack inspection in store required to record actual manufacturer EAN/UPC"
"c8ba8185-ebb6-4acb-aa59-be70835132e2","Ponds Superlight Gel 100ml","PC-PND-SLG-100ML","PC-PND-SLG-100ML","LEGACY_SKU_COPY","","","false","GTIN_NOT_VERIFIED","","","Bangladesh","LOW","AWAIT_PHYSICAL_PACK_INSPECTION","true","Legacy SKU copy in barcode field; physical pack inspection in store required to record actual manufacturer EAN/UPC"
"ddf40014-e25e-42b3-ad13-b50670f08ee1","Ponds Superlight Gel 50ml","PC-PND-SLG-50ML","PC-PND-SLG-50ML","LEGACY_SKU_COPY","","","false","GTIN_NOT_VERIFIED","","","Bangladesh","LOW","AWAIT_PHYSICAL_PACK_INSPECTION","true","Legacy SKU copy in barcode field; physical pack inspection in store required to record actual manufacturer EAN/UPC"
"772a505c-65d0-4395-afbb-c102346a39ff","Ponds White Beauty 100g","PC-PND-WBT-100G","PC-PND-WBT-100G","LEGACY_SKU_COPY","","","false","GTIN_NOT_VERIFIED","","","Bangladesh","LOW","AWAIT_PHYSICAL_PACK_INSPECTION","true","Legacy SKU copy in barcode field; physical pack inspection in store required to record actual manufacturer EAN/UPC"
"31fe66f1-de80-4b14-9911-0573c922cff4","Ponds White Beauty 50g","PC-PND-WBT-50G","PC-PND-WBT-50G","LEGACY_SKU_COPY","","","false","GTIN_NOT_VERIFIED","","","Bangladesh","LOW","AWAIT_PHYSICAL_PACK_INSPECTION","true","Legacy SKU copy in barcode field; physical pack inspection in store required to record actual manufacturer EAN/UPC"
"63e48e21-e3a9-4567-ba32-46edcf3d3160","Poppers Corn Coconut Crackers 25g","SN-POP-CNC-25G","SN-POP-CNC-25G","LEGACY_SKU_COPY","","","false","GTIN_NOT_VERIFIED","","","Bangladesh","LOW","AWAIT_PHYSICAL_PACK_INSPECTION","true","Legacy SKU copy in barcode field; physical pack inspection in store required to record actual manufacturer EAN/UPC"
"85ef41d5-7bc1-490e-91f5-6b598d31a006","Potatoes - alu","CK-POT-GEN","CK-POT-GEN","LEGACY_SKU_COPY","","","false","GTIN_NOT_VERIFIED","","","Bangladesh","LOW","AWAIT_PHYSICAL_PACK_INSPECTION","true","Legacy SKU copy in barcode field; physical pack inspection in store required to record actual manufacturer EAN/UPC"
"e6ab32eb-c5ef-4f19-9f94-c62488bf76a4","Potatoes 1kg","VEG-001","VEG-001","LEGACY_SKU_COPY","","","false","GTIN_NOT_VERIFIED","","","Bangladesh","LOW","AWAIT_PHYSICAL_PACK_INSPECTION","true","Legacy SKU copy in barcode field; physical pack inspection in store required to record actual manufacturer EAN/UPC"
"12aae9bd-7ecb-4f67-9721-503e25091849","Pound Cake Chocolate","BC-KZF-PDC-1","BC-KZF-PDC-1","LEGACY_SKU_COPY","","","false","GTIN_NOT_VERIFIED","","","Bangladesh","LOW","AWAIT_PHYSICAL_PACK_INSPECTION","true","Legacy SKU copy in barcode field; physical pack inspection in store required to record actual manufacturer EAN/UPC"
"1ee48800-837c-4a5a-8933-aacdce574a4e","Pound Cake Fruit","BC-KZF-PDC-2","BC-KZF-PDC-2","LEGACY_SKU_COPY","","","false","GTIN_NOT_VERIFIED","","","Bangladesh","LOW","AWAIT_PHYSICAL_PACK_INSPECTION","true","Legacy SKU copy in barcode field; physical pack inspection in store required to record actual manufacturer EAN/UPC"
"fae4e458-7835-46da-b270-fa7c6f8cdd95","Pound Cake Vanilla","BC-KZF-PDC","BC-KZF-PDC","LEGACY_SKU_COPY","","","false","GTIN_NOT_VERIFIED","","","Bangladesh","LOW","AWAIT_PHYSICAL_PACK_INSPECTION","true","Legacy SKU copy in barcode field; physical pack inspection in store required to record actual manufacturer EAN/UPC"
"e806eb88-d7df-42f8-8aa9-11f8881e85b0","Premium Basmati Rice 5kg","RICE-BAS-001","RICE-BAS-001","LEGACY_SKU_COPY","","","false","GTIN_NOT_VERIFIED","","","Bangladesh","LOW","AWAIT_PHYSICAL_PACK_INSPECTION","true","Legacy SKU copy in barcode field; physical pack inspection in store required to record actual manufacturer EAN/UPC"
"03faac7e-ec68-4913-9924-02aed5cab064","Pulse - Mango Masala","CC-PLS-MGM-1","CC-PLS-MGM-1","LEGACY_SKU_COPY","","","false","GTIN_NOT_VERIFIED","","","Bangladesh","LOW","AWAIT_PHYSICAL_PACK_INSPECTION","true","Legacy SKU copy in barcode field; physical pack inspection in store required to record actual manufacturer EAN/UPC"
"fae670cc-05dc-48b5-b232-52a7363d3190","Pulse - Masala","CC-PLS-MGM","CC-PLS-MGM","LEGACY_SKU_COPY","","","false","GTIN_NOT_VERIFIED","","","Bangladesh","LOW","AWAIT_PHYSICAL_PACK_INSPECTION","true","Legacy SKU copy in barcode field; physical pack inspection in store required to record actual manufacturer EAN/UPC"
"3a451e3b-9f7e-4f3d-b221-52ab08ac17b9","Radhuni BBQ Masala 50gm","SP-RAD-GEN-50G","SP-RAD-GEN-50G","LEGACY_SKU_COPY","","","false","GTIN_NOT_VERIFIED","","","Bangladesh","LOW","AWAIT_PHYSICAL_PACK_INSPECTION","true","Legacy SKU copy in barcode field; physical pack inspection in store required to record actual manufacturer EAN/UPC"
"cbbc35e5-8121-47c1-89f7-0fdb45b26b8d","Radhuni Biriyani Masala 40gm","SP-RAD-GEN-40G","SP-RAD-GEN-40G","LEGACY_SKU_COPY","","","false","GTIN_NOT_VERIFIED","","","Bangladesh","LOW","AWAIT_PHYSICAL_PACK_INSPECTION","true","Legacy SKU copy in barcode field; physical pack inspection in store required to record actual manufacturer EAN/UPC"
"a3ef36f3-e3c5-46c9-b81a-835369a312f6","Radhuni Borhani Masala 50gm","SP-RAD-GEN-50G-1","SP-RAD-GEN-50G-1","LEGACY_SKU_COPY","","","false","GTIN_NOT_VERIFIED","","","Bangladesh","LOW","AWAIT_PHYSICAL_PACK_INSPECTION","true","Legacy SKU copy in barcode field; physical pack inspection in store required to record actual manufacturer EAN/UPC"
"f08fb3f6-8608-4078-85ad-573057ffe43a","Radhuni Chicken Tandoori 50gm","SP-RAD-CKT-50G","SP-RAD-CKT-50G","LEGACY_SKU_COPY","","","false","GTIN_NOT_VERIFIED","","","Bangladesh","LOW","AWAIT_PHYSICAL_PACK_INSPECTION","true","Legacy SKU copy in barcode field; physical pack inspection in store required to record actual manufacturer EAN/UPC"
"c0170ff3-6408-4ee2-a683-00decac16a07","Radhuni Chotpoti Masala 50gm","SP-RAD-GEN-50G-2","SP-RAD-GEN-50G-2","LEGACY_SKU_COPY","","","false","GTIN_NOT_VERIFIED","","","Bangladesh","LOW","AWAIT_PHYSICAL_PACK_INSPECTION","true","Legacy SKU copy in barcode field; physical pack inspection in store required to record actual manufacturer EAN/UPC"
"91416875-25a4-4b6d-b6f9-9c9e749efe58","Radhuni Chui Jhal Mangsho Masala 38gm","SP-RAD-CHJ-38G","SP-RAD-CHJ-38G","LEGACY_SKU_COPY","","","false","GTIN_NOT_VERIFIED","","","Bangladesh","LOW","AWAIT_PHYSICAL_PACK_INSPECTION","true","Legacy SKU copy in barcode field; physical pack inspection in store required to record actual manufacturer EAN/UPC"
"15b0ac41-c34a-42f7-9add-9a35431ed14d","Radhuni Dhoniya Gura 100gm","SP-RAD-DNG-100G","SP-RAD-DNG-100G","LEGACY_SKU_COPY","","","false","GTIN_NOT_VERIFIED","","","Bangladesh","LOW","AWAIT_PHYSICAL_PACK_INSPECTION","true","Legacy SKU copy in barcode field; physical pack inspection in store required to record actual manufacturer EAN/UPC"
"2c8787a2-5db3-484b-acc5-91d32021a175","Radhuni Dhoniya Gura 15gm","SP-RAD-DNG-15G","SP-RAD-DNG-15G","LEGACY_SKU_COPY","","","false","GTIN_NOT_VERIFIED","","","Bangladesh","LOW","AWAIT_PHYSICAL_PACK_INSPECTION","true","Legacy SKU copy in barcode field; physical pack inspection in store required to record actual manufacturer EAN/UPC"
"6797819a-45bb-4408-a5c1-9c797bfc1d51","Radhuni Dhoniya Gura 200gm","SP-RAD-DNG-200G","SP-RAD-DNG-200G","LEGACY_SKU_COPY","","","false","GTIN_NOT_VERIFIED","","","Bangladesh","LOW","AWAIT_PHYSICAL_PACK_INSPECTION","true","Legacy SKU copy in barcode field; physical pack inspection in store required to record actual manufacturer EAN/UPC"
"1f4650a7-6404-4a8c-89b8-301232e656f5","Radhuni Dhoniya Gura 500gm","SP-RAD-DNG-500G","SP-RAD-DNG-500G","LEGACY_SKU_COPY","","","false","GTIN_NOT_VERIFIED","","","Bangladesh","LOW","AWAIT_PHYSICAL_PACK_INSPECTION","true","Legacy SKU copy in barcode field; physical pack inspection in store required to record actual manufacturer EAN/UPC"
"e0f3835d-88e5-40d7-b25f-d072cbb1bccc","Radhuni Dhoniya Gura 50gm","SP-RAD-DNG-50G","SP-RAD-DNG-50G","LEGACY_SKU_COPY","","","false","GTIN_NOT_VERIFIED","","","Bangladesh","LOW","AWAIT_PHYSICAL_PACK_INSPECTION","true","Legacy SKU copy in barcode field; physical pack inspection in store required to record actual manufacturer EAN/UPC"
"dffbe716-af1e-424f-899a-b5727bfb79fd","Radhuni Fried Chicken Mix 75gm","SP-RAD-FCM-75G","SP-RAD-FCM-75G","LEGACY_SKU_COPY","","","false","GTIN_NOT_VERIFIED","","","Bangladesh","LOW","AWAIT_PHYSICAL_PACK_INSPECTION","true","Legacy SKU copy in barcode field; physical pack inspection in store required to record actual manufacturer EAN/UPC"
"a6b3e87a-3757-444c-88e3-21f8529d716e","Radhuni Fried Rice Mix 8gm","SP-RAD-FRM-8G","SP-RAD-FRM-8G","LEGACY_SKU_COPY","","","false","GTIN_NOT_VERIFIED","","","Bangladesh","LOW","AWAIT_PHYSICAL_PACK_INSPECTION","true","Legacy SKU copy in barcode field; physical pack inspection in store required to record actual manufacturer EAN/UPC"
"5916a2d1-5eff-47de-bb8e-cebd0cbeaf98","Radhuni Gorom Masala 40gm","SP-RAD-GEN-40G-1","SP-RAD-GEN-40G-1","LEGACY_SKU_COPY","","","false","GTIN_NOT_VERIFIED","","","Bangladesh","LOW","AWAIT_PHYSICAL_PACK_INSPECTION","true","Legacy SKU copy in barcode field; physical pack inspection in store required to record actual manufacturer EAN/UPC"
"6fd6c720-fb88-4a18-a825-6522d8ead9e9","Radhuni Gorom Masala Gura 15gm","SP-RAD-GEN-15G","SP-RAD-GEN-15G","LEGACY_SKU_COPY","","","false","GTIN_NOT_VERIFIED","","","Bangladesh","LOW","AWAIT_PHYSICAL_PACK_INSPECTION","true","Legacy SKU copy in barcode field; physical pack inspection in store required to record actual manufacturer EAN/UPC"
"c5dc41e8-ad2d-4c77-88cf-61df2107fcc9","Radhuni Gorur Mangsho Masala 100gm","SP-RAD-GEN-100G","SP-RAD-GEN-100G","LEGACY_SKU_COPY","","","false","GTIN_NOT_VERIFIED","","","Bangladesh","LOW","AWAIT_PHYSICAL_PACK_INSPECTION","true","Legacy SKU copy in barcode field; physical pack inspection in store required to record actual manufacturer EAN/UPC"
"f1e2e59c-6422-429f-87e6-e502962ef307","Radhuni Gorur Masala 25gm","SP-RAD-GEN-25G","SP-RAD-GEN-25G","LEGACY_SKU_COPY","","","false","GTIN_NOT_VERIFIED","","","Bangladesh","LOW","AWAIT_PHYSICAL_PACK_INSPECTION","true","Legacy SKU copy in barcode field; physical pack inspection in store required to record actual manufacturer EAN/UPC"
"de116e79-0c7b-46b7-9e51-a65a1afdfbed","Radhuni Hasher Mangsho 33gm","SP-RAD-HSM-33G","SP-RAD-HSM-33G","LEGACY_SKU_COPY","","","false","GTIN_NOT_VERIFIED","","","Bangladesh","LOW","AWAIT_PHYSICAL_PACK_INSPECTION","true","Legacy SKU copy in barcode field; physical pack inspection in store required to record actual manufacturer EAN/UPC"
"029b62d8-2a67-4acd-8a04-cb671a76b85e","Radhuni Holud Gura 100gm","SP-RAD-GEN-100G-1","SP-RAD-GEN-100G-1","LEGACY_SKU_COPY","","","false","GTIN_NOT_VERIFIED","","","Bangladesh","LOW","AWAIT_PHYSICAL_PACK_INSPECTION","true","Legacy SKU copy in barcode field; physical pack inspection in store required to record actual manufacturer EAN/UPC"
"905655fe-19e9-4644-bf15-c8e4a611cfb5","Radhuni Holud Gura 200gm","SP-RAD-GEN-200G","SP-RAD-GEN-200G","LEGACY_SKU_COPY","","","false","GTIN_NOT_VERIFIED","","","Bangladesh","LOW","AWAIT_PHYSICAL_PACK_INSPECTION","true","Legacy SKU copy in barcode field; physical pack inspection in store required to record actual manufacturer EAN/UPC"
"57b63733-798f-471f-a4fd-518d94c16525","Radhuni Holud Gura 25gm","SP-RAD-GEN-25G-1","SP-RAD-GEN-25G-1","LEGACY_SKU_COPY","","","false","GTIN_NOT_VERIFIED","","","Bangladesh","LOW","AWAIT_PHYSICAL_PACK_INSPECTION","true","Legacy SKU copy in barcode field; physical pack inspection in store required to record actual manufacturer EAN/UPC"
"eef17d71-e007-46a5-a424-fe03bcaeffbd","Radhuni Holud Gura 500gm","SP-RAD-GEN-500G","SP-RAD-GEN-500G","LEGACY_SKU_COPY","","","false","GTIN_NOT_VERIFIED","","","Bangladesh","LOW","AWAIT_PHYSICAL_PACK_INSPECTION","true","Legacy SKU copy in barcode field; physical pack inspection in store required to record actual manufacturer EAN/UPC"
"d8b54177-a1fc-4332-98dc-47f145a0ecce","Radhuni Holud Gura 50gm","SP-RAD-GEN-50G-3","SP-RAD-GEN-50G-3","LEGACY_SKU_COPY","","","false","GTIN_NOT_VERIFIED","","","Bangladesh","LOW","AWAIT_PHYSICAL_PACK_INSPECTION","true","Legacy SKU copy in barcode field; physical pack inspection in store required to record actual manufacturer EAN/UPC"
"045df58d-76f2-44d9-a5c2-f4280e8c9f91","Radhuni Jira Gura 100gm","SP-RAD-GEN-100G-2","SP-RAD-GEN-100G-2","LEGACY_SKU_COPY","","","false","GTIN_NOT_VERIFIED","","","Bangladesh","LOW","AWAIT_PHYSICAL_PACK_INSPECTION","true","Legacy SKU copy in barcode field; physical pack inspection in store required to record actual manufacturer EAN/UPC"
"06613f3a-b51d-451c-a3c4-af6395f4f0ee","Radhuni Jira Gura 15gm","SP-RAD-GEN-15G-1","SP-RAD-GEN-15G-1","LEGACY_SKU_COPY","","","false","GTIN_NOT_VERIFIED","","","Bangladesh","LOW","AWAIT_PHYSICAL_PACK_INSPECTION","true","Legacy SKU copy in barcode field; physical pack inspection in store required to record actual manufacturer EAN/UPC"
"bf72c058-0bc9-4075-89c9-816042d6b189","Radhuni Jira Gura 200gm","SP-RAD-GEN-200G-1","SP-RAD-GEN-200G-1","LEGACY_SKU_COPY","","","false","GTIN_NOT_VERIFIED","","","Bangladesh","LOW","AWAIT_PHYSICAL_PACK_INSPECTION","true","Legacy SKU copy in barcode field; physical pack inspection in store required to record actual manufacturer EAN/UPC"
"bdcf65f2-04c2-45c9-8342-d0d872fafaf4","Radhuni Jira Gura 50gm","SP-RAD-GEN-50G-4","SP-RAD-GEN-50G-4","LEGACY_SKU_COPY","","","false","GTIN_NOT_VERIFIED","","","Bangladesh","LOW","AWAIT_PHYSICAL_PACK_INSPECTION","true","Legacy SKU copy in barcode field; physical pack inspection in store required to record actual manufacturer EAN/UPC"
"3682155c-1014-4484-8c7a-fd0758c56ab4","Radhuni Kabab Masala 50gm","SP-RAD-GEN-50G-5","SP-RAD-GEN-50G-5","LEGACY_SKU_COPY","","","false","GTIN_NOT_VERIFIED","","","Bangladesh","LOW","AWAIT_PHYSICAL_PACK_INSPECTION","true","Legacy SKU copy in barcode field; physical pack inspection in store required to record actual manufacturer EAN/UPC"
"218e328e-4630-4803-8027-3c363af5efbf","Radhuni Kacchi Biriyani Masala 40gm","SP-RAD-GEN-40G-2","SP-RAD-GEN-40G-2","LEGACY_SKU_COPY","","","false","GTIN_NOT_VERIFIED","","","Bangladesh","LOW","AWAIT_PHYSICAL_PACK_INSPECTION","true","Legacy SKU copy in barcode field; physical pack inspection in store required to record actual manufacturer EAN/UPC"
"9c7880a6-fea9-48f0-9821-c6a28fe99f37","Radhuni Kala Bhuna 80gm","SP-RAD-KLB-80G","SP-RAD-KLB-80G","LEGACY_SKU_COPY","","","false","GTIN_NOT_VERIFIED","","","Bangladesh","LOW","AWAIT_PHYSICAL_PACK_INSPECTION","true","Legacy SKU copy in barcode field; physical pack inspection in store required to record actual manufacturer EAN/UPC"
"87d9bc54-674a-4beb-939c-a9d64d243864","Radhuni Kasundi 285ml","SP-RAD-KSD-285ML","SP-RAD-KSD-285ML","LEGACY_SKU_COPY","","","false","GTIN_NOT_VERIFIED","","","Bangladesh","LOW","AWAIT_PHYSICAL_PACK_INSPECTION","true","Legacy SKU copy in barcode field; physical pack inspection in store required to record actual manufacturer EAN/UPC"
"bb9416cd-9d81-4d7a-a1f4-975c60278741","Radhuni Korma Masala 30gm","SP-RAD-GEN-30G","SP-RAD-GEN-30G","LEGACY_SKU_COPY","","","false","GTIN_NOT_VERIFIED","","","Bangladesh","LOW","AWAIT_PHYSICAL_PACK_INSPECTION","true","Legacy SKU copy in barcode field; physical pack inspection in store required to record actual manufacturer EAN/UPC"
"62b95597-cf3a-48d3-ad93-79103c374ff4","Radhuni Macher Masala 20gm","SP-RAD-GEN-20G","SP-RAD-GEN-20G","LEGACY_SKU_COPY","","","false","GTIN_NOT_VERIFIED","","","Bangladesh","LOW","AWAIT_PHYSICAL_PACK_INSPECTION","true","Legacy SKU copy in barcode field; physical pack inspection in store required to record actual manufacturer EAN/UPC"
"88fbb380-3cfa-4cd0-8838-78df6090d31e","Radhuni Mangsho Masala 100gm","SP-RAD-GEN-100G-3","SP-RAD-GEN-100G-3","LEGACY_SKU_COPY","","","false","GTIN_NOT_VERIFIED","","","Bangladesh","LOW","AWAIT_PHYSICAL_PACK_INSPECTION","true","Legacy SKU copy in barcode field; physical pack inspection in store required to record actual manufacturer EAN/UPC"
"4228211b-b429-4bf8-b325-d2b36f6c95e9","Radhuni Mezbani Gorur Masala 68gm","SP-RAD-GEN-68G","SP-RAD-GEN-68G","LEGACY_SKU_COPY","","","false","GTIN_NOT_VERIFIED","","","Bangladesh","LOW","AWAIT_PHYSICAL_PACK_INSPECTION","true","Legacy SKU copy in barcode field; physical pack inspection in store required to record actual manufacturer EAN/UPC"
"c0fe29c0-8509-4866-b6f5-c6c764f1b88e","Radhuni Morich Gura 100gm","SP-RAD-GEN-100G-4","SP-RAD-GEN-100G-4","LEGACY_SKU_COPY","","","false","GTIN_NOT_VERIFIED","","","Bangladesh","LOW","AWAIT_PHYSICAL_PACK_INSPECTION","true","Legacy SKU copy in barcode field; physical pack inspection in store required to record actual manufacturer EAN/UPC"
"e6b407a7-7f99-4608-b32f-bde589b3b3ed","Radhuni Morich Gura 200gm","SP-RAD-GEN-200G-2","SP-RAD-GEN-200G-2","LEGACY_SKU_COPY","","","false","GTIN_NOT_VERIFIED","","","Bangladesh","LOW","AWAIT_PHYSICAL_PACK_INSPECTION","true","Legacy SKU copy in barcode field; physical pack inspection in store required to record actual manufacturer EAN/UPC"
"70562c12-fc39-4bc2-82d8-401a0b5d71c6","Radhuni Morich Gura 25gm","SP-RAD-GEN-25G-2","SP-RAD-GEN-25G-2","LEGACY_SKU_COPY","","","false","GTIN_NOT_VERIFIED","","","Bangladesh","LOW","AWAIT_PHYSICAL_PACK_INSPECTION","true","Legacy SKU copy in barcode field; physical pack inspection in store required to record actual manufacturer EAN/UPC"
"44bfa194-4673-4111-900b-b7068d5c40aa","Radhuni Morich Gura 500gm","SP-RAD-GEN-500G-1","SP-RAD-GEN-500G-1","LEGACY_SKU_COPY","","","false","GTIN_NOT_VERIFIED","","","Bangladesh","LOW","AWAIT_PHYSICAL_PACK_INSPECTION","true","Legacy SKU copy in barcode field; physical pack inspection in store required to record actual manufacturer EAN/UPC"
"f6d3caa5-6ace-45af-b8af-bc6698700c50","Radhuni Morich Gura 50gm","SP-RAD-GEN-50G-6","SP-RAD-GEN-50G-6","LEGACY_SKU_COPY","","","false","GTIN_NOT_VERIFIED","","","Bangladesh","LOW","AWAIT_PHYSICAL_PACK_INSPECTION","true","Legacy SKU copy in barcode field; physical pack inspection in store required to record actual manufacturer EAN/UPC"
"404d9aa4-1368-4e71-917e-036dae70a0ec","Radhuni Murgi Mangsho 20gm","SP-RAD-MRM-20G","SP-RAD-MRM-20G","LEGACY_SKU_COPY","","","false","GTIN_NOT_VERIFIED","","","Bangladesh","LOW","AWAIT_PHYSICAL_PACK_INSPECTION","true","Legacy SKU copy in barcode field; physical pack inspection in store required to record actual manufacturer EAN/UPC"
"a560ebca-60a5-4b54-ae7a-a905ef495124","Radhuni Murgir Masala 100gm","SP-RAD-GEN-100G-5","SP-RAD-GEN-100G-5","LEGACY_SKU_COPY","","","false","GTIN_NOT_VERIFIED","","","Bangladesh","LOW","AWAIT_PHYSICAL_PACK_INSPECTION","true","Legacy SKU copy in barcode field; physical pack inspection in store required to record actual manufacturer EAN/UPC"
"3d203611-a4b8-4d16-acb6-80d533c5541e","Radhuni Panch Phoron 50gm","SP-RAD-GEN-50G-7","SP-RAD-GEN-50G-7","LEGACY_SKU_COPY","","","false","GTIN_NOT_VERIFIED","","","Bangladesh","LOW","AWAIT_PHYSICAL_PACK_INSPECTION","true","Legacy SKU copy in barcode field; physical pack inspection in store required to record actual manufacturer EAN/UPC"
"8ec7b9d7-c57f-40a6-aec9-8a6deeabe2e8","Radhuni Panch Phoron Powder","SP-RAD-PWD","SP-RAD-PWD","LEGACY_SKU_COPY","","","false","GTIN_NOT_VERIFIED","","","Bangladesh","LOW","AWAIT_PHYSICAL_PACK_INSPECTION","true","Legacy SKU copy in barcode field; physical pack inspection in store required to record actual manufacturer EAN/UPC"
"7bb81e11-07c4-44df-94d0-954ea893ef30","Radhuni Premium Ghee 100gm","OL-RAD-PRM-100G","OL-RAD-PRM-100G","LEGACY_SKU_COPY","","","false","GTIN_NOT_VERIFIED","","","Bangladesh","LOW","AWAIT_PHYSICAL_PACK_INSPECTION","true","Legacy SKU copy in barcode field; physical pack inspection in store required to record actual manufacturer EAN/UPC"
"e621afcc-b0b5-4859-8ef0-08f333e83dc0","Radhuni Premium Ghee 200gm","OL-RAD-PRM-200G","OL-RAD-PRM-200G","LEGACY_SKU_COPY","","","false","GTIN_NOT_VERIFIED","","","Bangladesh","LOW","AWAIT_PHYSICAL_PACK_INSPECTION","true","Legacy SKU copy in barcode field; physical pack inspection in store required to record actual manufacturer EAN/UPC"
"602a8c45-754f-4756-88e3-c1e058609acf","Radhuni Roast Masala 35gm","SP-RAD-GEN-35G","SP-RAD-GEN-35G","LEGACY_SKU_COPY","","","false","GTIN_NOT_VERIFIED","","","Bangladesh","LOW","AWAIT_PHYSICAL_PACK_INSPECTION","true","Legacy SKU copy in barcode field; physical pack inspection in store required to record actual manufacturer EAN/UPC"
"811c65a2-af34-42f9-a2ac-622bbb4c4b74","Radhuni Shorisha Oil 1ltr","OL-RAD-GEN-1L","OL-RAD-GEN-1L","LEGACY_SKU_COPY","","","false","GTIN_NOT_VERIFIED","","","Bangladesh","LOW","AWAIT_PHYSICAL_PACK_INSPECTION","true","Legacy SKU copy in barcode field; physical pack inspection in store required to record actual manufacturer EAN/UPC"
"c9a869d2-c822-4edc-a99c-1c42f6bebddd","Radhuni Shorisha Oil 250ml","OL-RAD-GEN-250ML","OL-RAD-GEN-250ML","LEGACY_SKU_COPY","","","false","GTIN_NOT_VERIFIED","","","Bangladesh","LOW","AWAIT_PHYSICAL_PACK_INSPECTION","true","Legacy SKU copy in barcode field; physical pack inspection in store required to record actual manufacturer EAN/UPC"
"38ee3e1a-1884-43a3-9c0a-3840756ab118","Radhuni Shorisha Oil 500ml","OL-RAD-GEN-500ML","OL-RAD-GEN-500ML","LEGACY_SKU_COPY","","","false","GTIN_NOT_VERIFIED","","","Bangladesh","LOW","AWAIT_PHYSICAL_PACK_INSPECTION","true","Legacy SKU copy in barcode field; physical pack inspection in store required to record actual manufacturer EAN/UPC"
"4ab28db1-405c-4c57-acbf-a6fd64129bd7","Radhuni Shorisha Oil 80ml","OL-RAD-GEN-80ML","OL-RAD-GEN-80ML","LEGACY_SKU_COPY","","","false","GTIN_NOT_VERIFIED","","","Bangladesh","LOW","AWAIT_PHYSICAL_PACK_INSPECTION","true","Legacy SKU copy in barcode field; physical pack inspection in store required to record actual manufacturer EAN/UPC"
"df37b129-3f76-48c7-aa2f-fed71547bcf8","Radhuni Sunflower Oil 1ltr","OL-RAD-GEN-1L-1","OL-RAD-GEN-1L-1","LEGACY_SKU_COPY","","","false","GTIN_NOT_VERIFIED","","","Bangladesh","LOW","AWAIT_PHYSICAL_PACK_INSPECTION","true","Legacy SKU copy in barcode field; physical pack inspection in store required to record actual manufacturer EAN/UPC"
"f083e180-8eee-442a-8ca0-765e8e087a68","Radhuni Tehari Masala 40gm","SP-RAD-GEN-40G-3","SP-RAD-GEN-40G-3","LEGACY_SKU_COPY","","","false","GTIN_NOT_VERIFIED","","","Bangladesh","LOW","AWAIT_PHYSICAL_PACK_INSPECTION","true","Legacy SKU copy in barcode field; physical pack inspection in store required to record actual manufacturer EAN/UPC"
"82ed979d-89f9-4604-949b-3de931b99074","Radhuni Vinegar 280ml","OL-RAD-VNG-280ML","OL-RAD-VNG-280ML","LEGACY_SKU_COPY","","","false","GTIN_NOT_VERIFIED","","","Bangladesh","LOW","AWAIT_PHYSICAL_PACK_INSPECTION","true","Legacy SKU copy in barcode field; physical pack inspection in store required to record actual manufacturer EAN/UPC"
"20aa95b4-9e27-41f8-b2da-a88ebe6eab8a","Radhuni Vinegar 540ml","OL-RAD-VNG-540ML","OL-RAD-VNG-540ML","LEGACY_SKU_COPY","","","false","GTIN_NOT_VERIFIED","","","Bangladesh","LOW","AWAIT_PHYSICAL_PACK_INSPECTION","true","Legacy SKU copy in barcode field; physical pack inspection in store required to record actual manufacturer EAN/UPC"
"fe4388cd-64a3-4282-995e-3461474ca4d2","Rangdhanu Mixed Herbs - 30g (Exp01.23)","SP-RNG-MXH-30G","SP-RNG-MXH-30G","LEGACY_SKU_COPY","","","false","GTIN_NOT_VERIFIED","","","Bangladesh","LOW","AWAIT_PHYSICAL_PACK_INSPECTION","true","Legacy SKU copy in barcode field; physical pack inspection in store required to record actual manufacturer EAN/UPC"
"65f68b9c-6b26-4556-a42e-9be8007ccd11","Rayners Corn Flour - 400g","BK-RYN-CNF-400G","BK-RYN-CNF-400G","LEGACY_SKU_COPY","","","false","GTIN_NOT_VERIFIED","","","Bangladesh","LOW","AWAIT_PHYSICAL_PACK_INSPECTION","true","Legacy SKU copy in barcode field; physical pack inspection in store required to record actual manufacturer EAN/UPC"
"7a9ff551-4f87-4bb6-9b17-d8c8ae6ee538","Real Potato Chips (American Tomato)","SN-REL-PTC","SN-REL-PTC","LEGACY_SKU_COPY","","","false","GTIN_NOT_VERIFIED","","","Bangladesh","LOW","AWAIT_PHYSICAL_PACK_INSPECTION","true","Legacy SKU copy in barcode field; physical pack inspection in store required to record actual manufacturer EAN/UPC"
"e080ad6f-1a5b-4645-a05f-4058719558d5","Regard Keora Water (Glass) - 200ml","CK-RGD-KWR-200ML","CK-RGD-KWR-200ML","LEGACY_SKU_COPY","","","false","GTIN_NOT_VERIFIED","","","Bangladesh","LOW","AWAIT_PHYSICAL_PACK_INSPECTION","true","Legacy SKU copy in barcode field; physical pack inspection in store required to record actual manufacturer EAN/UPC"
"6b2f6f3f-416e-4578-9d08-ba2c40e3b087","Rexona Men Advanced Invisible Dry Roll On - 45ml","PC-REX-GEN-45ML","PC-REX-GEN-45ML","LEGACY_SKU_COPY","","","false","GTIN_NOT_VERIFIED","","","Bangladesh","LOW","AWAIT_PHYSICAL_PACK_INSPECTION","true","Legacy SKU copy in barcode field; physical pack inspection in store required to record actual manufacturer EAN/UPC"
"a461de64-6ae6-4846-abd5-95f57063c0a6","Rexona Motionsense Advanced Brightening Roll On - 50ml","PC-REX-GEN-50ML","PC-REX-GEN-50ML","LEGACY_SKU_COPY","","","false","GTIN_NOT_VERIFIED","","","Bangladesh","LOW","AWAIT_PHYSICAL_PACK_INSPECTION","true","Legacy SKU copy in barcode field; physical pack inspection in store required to record actual manufacturer EAN/UPC"
"8a622615-6e73-48f6-ad3b-1e771a2168dd","Rin Fabric Solution Liquid 400ml","CL-RIN-GEN-400ML","CL-RIN-GEN-400ML","LEGACY_SKU_COPY","","","false","GTIN_NOT_VERIFIED","","","Bangladesh","LOW","AWAIT_PHYSICAL_PACK_INSPECTION","true","Legacy SKU copy in barcode field; physical pack inspection in store required to record actual manufacturer EAN/UPC"
"735a3972-9ab3-4a51-bb29-f3364479a061","Rin Fabric Solution Power Bright 500g","CL-RIN-PWR-500G","CL-RIN-PWR-500G","LEGACY_SKU_COPY","","","false","GTIN_NOT_VERIFIED","","","Bangladesh","LOW","AWAIT_PHYSICAL_PACK_INSPECTION","true","Legacy SKU copy in barcode field; physical pack inspection in store required to record actual manufacturer EAN/UPC"
"df779513-3c4f-4a02-8a50-eed3c85deb93","Rin Powder Power Bright 1kg","CL-RIN-PWD-1KG","CL-RIN-PWD-1KG","LEGACY_SKU_COPY","","","false","GTIN_NOT_VERIFIED","","","Bangladesh","LOW","AWAIT_PHYSICAL_PACK_INSPECTION","true","Legacy SKU copy in barcode field; physical pack inspection in store required to record actual manufacturer EAN/UPC"
"962a2089-049c-49ed-8e14-c35baa5f9d7b","Rin Power White 200g","CL-RIN-PWR-200G","CL-RIN-PWR-200G","LEGACY_SKU_COPY","","","false","GTIN_NOT_VERIFIED","","","Bangladesh","LOW","AWAIT_PHYSICAL_PACK_INSPECTION","true","Legacy SKU copy in barcode field; physical pack inspection in store required to record actual manufacturer EAN/UPC"
"cf478d4c-a522-4108-8fa2-4ce8a26a8cef","Rupchanda Chinigura Rice 1KG","RG-RPC-CNR","RG-RPC-CNR","LEGACY_SKU_COPY","","","false","GTIN_NOT_VERIFIED","","","Bangladesh","LOW","AWAIT_PHYSICAL_PACK_INSPECTION","true","Legacy SKU copy in barcode field; physical pack inspection in store required to record actual manufacturer EAN/UPC"
"b39aa5cc-db40-4364-a786-88a34370a37d","Rupchanda Soyabean Oil 1L","OL-RPC-SYO-1L","OL-RPC-SYO-1L","LEGACY_SKU_COPY","","","false","GTIN_NOT_VERIFIED","","","Bangladesh","LOW","AWAIT_PHYSICAL_PACK_INSPECTION","true","Legacy SKU copy in barcode field; physical pack inspection in store required to record actual manufacturer EAN/UPC"
"dcbaf446-242d-4717-902e-52e2021d4cf9","Rupchanda Soyabean Oil 2L","OL-RPC-SYO-2L","OL-RPC-SYO-2L","LEGACY_SKU_COPY","","","false","GTIN_NOT_VERIFIED","","","Bangladesh","LOW","AWAIT_PHYSICAL_PACK_INSPECTION","true","Legacy SKU copy in barcode field; physical pack inspection in store required to record actual manufacturer EAN/UPC"
"b3e78fa4-c3da-499d-9969-831776891539","Rupchanda Soyabean Oil 5L","OL-RPC-SYO-5L","OL-RPC-SYO-5L","LEGACY_SKU_COPY","","","false","GTIN_NOT_VERIFIED","","","Bangladesh","LOW","AWAIT_PHYSICAL_PACK_INSPECTION","true","Legacy SKU copy in barcode field; physical pack inspection in store required to record actual manufacturer EAN/UPC"
"68f44b8f-20dd-4b5b-a1ef-4fa798cbb603","Saf Instant Yeast - 100g","BK-SAF-GEN-100G","BK-SAF-GEN-100G","LEGACY_SKU_COPY","","","false","GTIN_NOT_VERIFIED","","","Bangladesh","LOW","AWAIT_PHYSICAL_PACK_INSPECTION","true","Legacy SKU copy in barcode field; physical pack inspection in store required to record actual manufacturer EAN/UPC"
"d5a8586a-a966-4db7-8b97-47bda9d096ca","Safari","CC-SAF-GEN","CC-SAF-GEN","LEGACY_SKU_COPY","","","false","GTIN_NOT_VERIFIED","","","Bangladesh","LOW","AWAIT_PHYSICAL_PACK_INSPECTION","true","Legacy SKU copy in barcode field; physical pack inspection in store required to record actual manufacturer EAN/UPC"
"0ef6630c-287f-4eb3-b7cb-aede9430e055","Safe Touch 0032 5Port 2m Cable Multiplug Heavy Duty White","EL-SFT-GEN","EL-SFT-GEN","LEGACY_SKU_COPY","","","false","GTIN_NOT_VERIFIED","","","Bangladesh","LOW","AWAIT_PHYSICAL_PACK_INSPECTION","true","Legacy SKU copy in barcode field; physical pack inspection in store required to record actual manufacturer EAN/UPC"
"b1721e41-0f59-4c76-a617-4a0c1b97dea9","Safe Touch 0032 5Port 5m Cable Multiplug Heavy Duty White","EL-SFT-GEN-2","EL-SFT-GEN-2","LEGACY_SKU_COPY","","","false","GTIN_NOT_VERIFIED","","","Bangladesh","LOW","AWAIT_PHYSICAL_PACK_INSPECTION","true","Legacy SKU copy in barcode field; physical pack inspection in store required to record actual manufacturer EAN/UPC"
"5f01b147-e5ff-4735-9469-83260cb892ce","Safe Touch 0034 4Port 5m Cable Multiplug Heavy Duty White","EL-SFT-GEN-1","EL-SFT-GEN-1","LEGACY_SKU_COPY","","","false","GTIN_NOT_VERIFIED","","","Bangladesh","LOW","AWAIT_PHYSICAL_PACK_INSPECTION","true","Legacy SKU copy in barcode field; physical pack inspection in store required to record actual manufacturer EAN/UPC"
"39bdc80c-8380-4773-b2d0-89830a20b589","Salt","CK-SLT-GEN","CK-SLT-GEN","LEGACY_SKU_COPY","","","false","GTIN_NOT_VERIFIED","","","Bangladesh","LOW","AWAIT_PHYSICAL_PACK_INSPECTION","true","Legacy SKU copy in barcode field; physical pack inspection in store required to record actual manufacturer EAN/UPC"
"70872088-78e9-4dbe-af34-c3132e154475","Samyang Extreme Hot Chicken Ramen Noodles Cup - 70g","SN-SMY-GEN-70G","SN-SMY-GEN-70G","LEGACY_SKU_COPY","","","false","GTIN_NOT_VERIFIED","","","Bangladesh","LOW","AWAIT_PHYSICAL_PACK_INSPECTION","true","Legacy SKU copy in barcode field; physical pack inspection in store required to record actual manufacturer EAN/UPC"
"554ec4f5-1120-44e5-837b-2aa5c323185b","Samyang Hot Chicken Flavor Carbo Ramen Noodles Cup - 80g","SN-SMY-GEN-80G","SN-SMY-GEN-80G","LEGACY_SKU_COPY","","","false","GTIN_NOT_VERIFIED","","","Bangladesh","LOW","AWAIT_PHYSICAL_PACK_INSPECTION","true","Legacy SKU copy in barcode field; physical pack inspection in store required to record actual manufacturer EAN/UPC"
"68f08695-1297-4041-a0d1-b2bdab500d6a","Savoy Chocobar","IC-SAV-CHB","IC-SAV-CHB","LEGACY_SKU_COPY","","","false","GTIN_NOT_VERIFIED","","","Bangladesh","LOW","AWAIT_PHYSICAL_PACK_INSPECTION","true","Legacy SKU copy in barcode field; physical pack inspection in store required to record actual manufacturer EAN/UPC"
"206833c4-a3c6-436c-b5e8-ecbba8b1d724","Savoy Crunchybar","IC-SAV-CRB","IC-SAV-CRB","LEGACY_SKU_COPY","","","false","GTIN_NOT_VERIFIED","","","Bangladesh","LOW","AWAIT_PHYSICAL_PACK_INSPECTION","true","Legacy SKU copy in barcode field; physical pack inspection in store required to record actual manufacturer EAN/UPC"
"ebfb8888-8952-49c4-b748-61b856eec245","Savoy Dark Desire Cake 1kg","IC-SAV-DKD-1KG","IC-SAV-DKD-1KG","LEGACY_SKU_COPY","","","false","GTIN_NOT_VERIFIED","","","Bangladesh","LOW","AWAIT_PHYSICAL_PACK_INSPECTION","true","Legacy SKU copy in barcode field; physical pack inspection in store required to record actual manufacturer EAN/UPC"
"498e3dcb-3962-4bbf-8e12-8e57a63867ce","Savoy Discone Ice cream-Coffee with Hot Chocolate Fudge","IC-SAV-DSC","IC-SAV-DSC","LEGACY_SKU_COPY","","","false","GTIN_NOT_VERIFIED","","","Bangladesh","LOW","AWAIT_PHYSICAL_PACK_INSPECTION","true","Legacy SKU copy in barcode field; physical pack inspection in store required to record actual manufacturer EAN/UPC"
"169e4ac0-80cf-4dc7-8266-f8cad832eb9b","Savoy Ekdom Aam","IC-SAV-EA","IC-SAV-EA","LEGACY_SKU_COPY","","","false","GTIN_NOT_VERIFIED","","","Bangladesh","LOW","AWAIT_PHYSICAL_PACK_INSPECTION","true","Legacy SKU copy in barcode field; physical pack inspection in store required to record actual manufacturer EAN/UPC"
"0a325bcd-78ce-42aa-9f98-9e5dbac1bed3","Savoy Golden Delight Cake 1kg","IC-SAV-GLD-1KG","IC-SAV-GLD-1KG","LEGACY_SKU_COPY","","","false","GTIN_NOT_VERIFIED","","","Bangladesh","LOW","AWAIT_PHYSICAL_PACK_INSPECTION","true","Legacy SKU copy in barcode field; physical pack inspection in store required to record actual manufacturer EAN/UPC"
"577c947f-d3b2-4ddb-889f-a816833dc1d2","Savoy iKone Chocolate","IC-SAV-CHN","IC-SAV-CHN","LEGACY_SKU_COPY","","","false","GTIN_NOT_VERIFIED","","","Bangladesh","LOW","AWAIT_PHYSICAL_PACK_INSPECTION","true","Legacy SKU copy in barcode field; physical pack inspection in store required to record actual manufacturer EAN/UPC"
"697ec1bf-8b16-4d34-b692-2d206443493f","Savoy iKone Vanilla","IC-SAV-IKV","IC-SAV-IKV","LEGACY_SKU_COPY","","","false","GTIN_NOT_VERIFIED","","","Bangladesh","LOW","AWAIT_PHYSICAL_PACK_INSPECTION","true","Legacy SKU copy in barcode field; physical pack inspection in store required to record actual manufacturer EAN/UPC"
"51f7401f-17fe-4580-bf14-2d920e36227e","Savoy Lolly (lemon)","IC-SAV-LOL","IC-SAV-LOL","LEGACY_SKU_COPY","","","false","GTIN_NOT_VERIFIED","","","Bangladesh","LOW","AWAIT_PHYSICAL_PACK_INSPECTION","true","Legacy SKU copy in barcode field; physical pack inspection in store required to record actual manufacturer EAN/UPC"
"5cdfbe00-fc86-4ffd-87e1-80dc1fdea4ba","Savoy Orange Lolly ","IC-SAV-LOL-ORG","IC-SAV-LOL-ORG","LEGACY_SKU_COPY","","","false","GTIN_NOT_VERIFIED","","","Bangladesh","LOW","AWAIT_PHYSICAL_PACK_INSPECTION","true","Legacy SKU copy in barcode field; physical pack inspection in store required to record actual manufacturer EAN/UPC"
"524f084a-e3be-4fdd-a637-dcacc3cc3afa","Savoy Red Velvet Temptation Cake 1KG","IC-SAV-RVT","IC-SAV-RVT","LEGACY_SKU_COPY","","","false","GTIN_NOT_VERIFIED","","","Bangladesh","LOW","AWAIT_PHYSICAL_PACK_INSPECTION","true","Legacy SKU copy in barcode field; physical pack inspection in store required to record actual manufacturer EAN/UPC"
"2a62ced0-af5d-4cdd-8183-314aea538901","Savoy Shell & Core","IC-SAV-SHC","IC-SAV-SHC","LEGACY_SKU_COPY","","","false","GTIN_NOT_VERIFIED","","","Bangladesh","LOW","AWAIT_PHYSICAL_PACK_INSPECTION","true","Legacy SKU copy in barcode field; physical pack inspection in store required to record actual manufacturer EAN/UPC"
"7f421ee0-742f-4cd3-a95c-d8f10bed88a2","Savoy Vanilla 1kg","IC-SAV-VNL-1KG","IC-SAV-VNL-1KG","LEGACY_SKU_COPY","","","false","GTIN_NOT_VERIFIED","","","Bangladesh","LOW","AWAIT_PHYSICAL_PACK_INSPECTION","true","Legacy SKU copy in barcode field; physical pack inspection in store required to record actual manufacturer EAN/UPC"
"ef60ae50-4f7b-4f75-bc93-cb14c952530c","Seylon Cha Pata 500gm","TC-SYL-CHP-500G","TC-SYL-CHP-500G","LEGACY_SKU_COPY","","","false","GTIN_NOT_VERIFIED","","","Bangladesh","LOW","AWAIT_PHYSICAL_PACK_INSPECTION","true","Legacy SKU copy in barcode field; physical pack inspection in store required to record actual manufacturer EAN/UPC"
"975a0abc-6bc0-4635-b22b-1e4d61378d28","Seylon Green Tea 1.5gm","DE-SYL-GEN-15G","DE-SYL-GEN-15G","LEGACY_SKU_COPY","","","false","GTIN_NOT_VERIFIED","","","Bangladesh","LOW","AWAIT_PHYSICAL_PACK_INSPECTION","true","Legacy SKU copy in barcode field; physical pack inspection in store required to record actual manufacturer EAN/UPC"
"5ef88c8a-eace-4b90-9cd3-eefee0a32e04","Seylon Tea Bag Pyramid 2gm","TC-SYL-TBG-2G","TC-SYL-TBG-2G","LEGACY_SKU_COPY","","","false","GTIN_NOT_VERIFIED","","","Bangladesh","LOW","AWAIT_PHYSICAL_PACK_INSPECTION","true","Legacy SKU copy in barcode field; physical pack inspection in store required to record actual manufacturer EAN/UPC"
"b209f469-8869-4a36-8e73-cf2fdeb833d3","Shukran Rice Atosh 50KG","RG-SHK-GEN","RG-SHK-GEN","LEGACY_SKU_COPY","","","false","NO_GTIN_FOR_STORE_SOLD_UNIT","Store bulk or loose commodity unit","catalog-identity","Bangladesh","HIGH","PRESERVE_INTERNAL_SKU","true","Lucky Store created loose consumer unit; no individual retail GTIN for this store-sold unit"
"c40f85d0-6cb0-42f7-b80a-6253a91bfffc","Slice Pound Cake Chocolate","BC-KZF-SPC-2","BC-KZF-SPC-2","LEGACY_SKU_COPY","","","false","GTIN_NOT_VERIFIED","","","Bangladesh","LOW","AWAIT_PHYSICAL_PACK_INSPECTION","true","Legacy SKU copy in barcode field; physical pack inspection in store required to record actual manufacturer EAN/UPC"
"4c7a0b18-c2ba-42a7-87e3-8c233e37e2fa","Slice Pound Cake Milk","BC-KZF-SPC-1","BC-KZF-SPC-1","LEGACY_SKU_COPY","","","false","GTIN_NOT_VERIFIED","","","Bangladesh","LOW","AWAIT_PHYSICAL_PACK_INSPECTION","true","Legacy SKU copy in barcode field; physical pack inspection in store required to record actual manufacturer EAN/UPC"
"a346ed8d-6e6b-40e1-b759-52100602c0cb","Slice Pound Cake Vanilla","BC-KZF-SPC","BC-KZF-SPC","LEGACY_SKU_COPY","","","false","GTIN_NOT_VERIFIED","","","Bangladesh","LOW","AWAIT_PHYSICAL_PACK_INSPECTION","true","Legacy SKU copy in barcode field; physical pack inspection in store required to record actual manufacturer EAN/UPC"
"9d609c8a-99f6-488b-808d-b4e29cedaf01","Sneakers","CC-SNK-GEN","CC-SNK-GEN","LEGACY_SKU_COPY","","","false","GTIN_NOT_VERIFIED","","","Bangladesh","LOW","AWAIT_PHYSICAL_PACK_INSPECTION","true","Legacy SKU copy in barcode field; physical pack inspection in store required to record actual manufacturer EAN/UPC"
"6bd63c40-f107-4993-9706-36123fe5f8df","Snickers Fruit & Nut Chocolate - 32g","CC-SNI-CHL-32G","CC-SNI-CHL-32G","LEGACY_SKU_COPY","","","false","GTIN_NOT_VERIFIED","","","Bangladesh","LOW","AWAIT_PHYSICAL_PACK_INSPECTION","true","Legacy SKU copy in barcode field; physical pack inspection in store required to record actual manufacturer EAN/UPC"
"02e14cf4-4cd9-44ef-b74f-10eb3a6c3cc2","Solecti Cookies - Standard Pack","BC-SLC-GEN","BC-SLC-GEN","LEGACY_SKU_COPY","","","false","GTIN_NOT_VERIFIED","","","Bangladesh","LOW","AWAIT_PHYSICAL_PACK_INSPECTION","true","Legacy SKU copy in barcode field; physical pack inspection in store required to record actual manufacturer EAN/UPC"
"40464b8c-d2a6-4320-b372-0c2653b21568","Standard Horlicks Jar 1000g","BV-HRK-GEN-1000G","BV-HRK-GEN-1000G","LEGACY_SKU_COPY","","","false","GTIN_NOT_VERIFIED","","","Bangladesh","LOW","AWAIT_PHYSICAL_PACK_INSPECTION","true","Legacy SKU copy in barcode field; physical pack inspection in store required to record actual manufacturer EAN/UPC"
"2ee1c334-6692-4894-82d8-e6e8fba0b329","Standard Horlicks Jar 18g","BV-HRK-GEN-18G","BV-HRK-GEN-18G","LEGACY_SKU_COPY","","","false","GTIN_NOT_VERIFIED","","","Bangladesh","LOW","AWAIT_PHYSICAL_PACK_INSPECTION","true","Legacy SKU copy in barcode field; physical pack inspection in store required to record actual manufacturer EAN/UPC"
"d596ad87-68ab-4acb-9cda-8a56b0d12113","Standard Horlicks Jar 250g","BV-HRK-GEN-250G","BV-HRK-GEN-250G","LEGACY_SKU_COPY","","","false","GTIN_NOT_VERIFIED","","","Bangladesh","LOW","AWAIT_PHYSICAL_PACK_INSPECTION","true","Legacy SKU copy in barcode field; physical pack inspection in store required to record actual manufacturer EAN/UPC"
"0859c07d-cdb7-40cb-8666-c594b39e99ed","Standard Horlicks Jar 500g","BV-HRK-GEN-500G","BV-HRK-GEN-500G","LEGACY_SKU_COPY","","","false","GTIN_NOT_VERIFIED","","","Bangladesh","LOW","AWAIT_PHYSICAL_PACK_INSPECTION","true","Legacy SKU copy in barcode field; physical pack inspection in store required to record actual manufacturer EAN/UPC"
"b23ba82e-f63f-4717-8485-7b33f328ee4d","Starship Chocolate Milk 200ml","BV-SH-CHL-200ML","BV-SH-CHL-200ML","LEGACY_SKU_COPY","","","false","GTIN_NOT_VERIFIED","","","Bangladesh","LOW","AWAIT_PHYSICAL_PACK_INSPECTION","true","Legacy SKU copy in barcode field; physical pack inspection in store required to record actual manufacturer EAN/UPC"
"75235283-bfb5-4b2d-af0f-038fa1b749f7","Starship Jhal Chanachur 300gm","SN-ST-JHC-300G","SN-ST-JHC-300G","LEGACY_SKU_COPY","","","false","GTIN_NOT_VERIFIED","","","Bangladesh","LOW","AWAIT_PHYSICAL_PACK_INSPECTION","true","Legacy SKU copy in barcode field; physical pack inspection in store required to record actual manufacturer EAN/UPC"
"e55e63fc-9c06-4f33-9e79-595afa2794ae","Starship Milkshake Cookies 200ml","BV-STP-MKC-200ML","BV-STP-MKC-200ML","LEGACY_SKU_COPY","","","false","GTIN_NOT_VERIFIED","","","Bangladesh","LOW","AWAIT_PHYSICAL_PACK_INSPECTION","true","Legacy SKU copy in barcode field; physical pack inspection in store required to record actual manufacturer EAN/UPC"
"1fd2f0ff-a0d8-44e5-a34e-c1302ce09ada","Sugar Loose","CK-SGR-GEN","CK-SGR-GEN","LEGACY_SKU_COPY","","","false","GTIN_NOT_VERIFIED","","","Bangladesh","LOW","AWAIT_PHYSICAL_PACK_INSPECTION","true","Legacy SKU copy in barcode field; physical pack inspection in store required to record actual manufacturer EAN/UPC"
"92406030-d4f5-4290-b385-5df49aa9d976","Sunsilk Black Shine 170ml","PC-SUN-BSH-170ML","PC-SUN-BSH-170ML","LEGACY_SKU_COPY","","","false","GTIN_NOT_VERIFIED","","","Bangladesh","LOW","AWAIT_PHYSICAL_PACK_INSPECTION","true","Legacy SKU copy in barcode field; physical pack inspection in store required to record actual manufacturer EAN/UPC"
"cc96cfb4-28b2-49b1-8684-e2c49a237edc","Sunsilk Conditioner Hair Fall Solution 180ml","PC-SUN-HFS-180ML","PC-SUN-HFS-180ML","LEGACY_SKU_COPY","","","false","GTIN_NOT_VERIFIED","","","Bangladesh","LOW","AWAIT_PHYSICAL_PACK_INSPECTION","true","Legacy SKU copy in barcode field; physical pack inspection in store required to record actual manufacturer EAN/UPC"
"f00a668d-dbdc-4fb6-9801-b29ab199b1dd","Sunsilk Conditioner Hair Fall Solution 8ml","PC-SUN-HFS-8ML","PC-SUN-HFS-8ML","LEGACY_SKU_COPY","","","false","GTIN_NOT_VERIFIED","","","Bangladesh","LOW","AWAIT_PHYSICAL_PACK_INSPECTION","true","Legacy SKU copy in barcode field; physical pack inspection in store required to record actual manufacturer EAN/UPC"
"cceec50e-57b4-445d-b2ea-a2a19c7fbc97","Sunsilk Hairfall Solution 170ml","PC-SUN-HFS-170ML","PC-SUN-HFS-170ML","LEGACY_SKU_COPY","","","false","GTIN_NOT_VERIFIED","","","Bangladesh","LOW","AWAIT_PHYSICAL_PACK_INSPECTION","true","Legacy SKU copy in barcode field; physical pack inspection in store required to record actual manufacturer EAN/UPC"
"ad318419-9988-4e67-93b0-8b1ae3535333","Sunsilk Hairfall Solution 340ml","PC-SUN-HFS-340ML","PC-SUN-HFS-340ML","LEGACY_SKU_COPY","","","false","GTIN_NOT_VERIFIED","","","Bangladesh","LOW","AWAIT_PHYSICAL_PACK_INSPECTION","true","Legacy SKU copy in barcode field; physical pack inspection in store required to record actual manufacturer EAN/UPC"
"c659b297-d985-4854-9f51-06f57f017100","Sunsilk Hijab Refresh 340ml","PC-SUN-HJR-340ML","PC-SUN-HJR-340ML","LEGACY_SKU_COPY","","","false","GTIN_NOT_VERIFIED","","","Bangladesh","LOW","AWAIT_PHYSICAL_PACK_INSPECTION","true","Legacy SKU copy in barcode field; physical pack inspection in store required to record actual manufacturer EAN/UPC"
"e8429a09-57b4-4983-9066-6388edb9419f","Sunsilk Shampoo Black Shine 330ml","PC-SUN-BSH-330ML","PC-SUN-BSH-330ML","LEGACY_SKU_COPY","","","false","GTIN_NOT_VERIFIED","","","Bangladesh","LOW","AWAIT_PHYSICAL_PACK_INSPECTION","true","Legacy SKU copy in barcode field; physical pack inspection in store required to record actual manufacturer EAN/UPC"
"84fc438c-2628-4b93-8ee5-45e8e9d5b243","Sunsilk Shampoo Black Shine 5.25ml","PC-SUN-BSH-525ML","PC-SUN-BSH-525ML","LEGACY_SKU_COPY","","","false","GTIN_NOT_VERIFIED","","","Bangladesh","LOW","AWAIT_PHYSICAL_PACK_INSPECTION","true","Legacy SKU copy in barcode field; physical pack inspection in store required to record actual manufacturer EAN/UPC"
"4cdde0b3-0149-4fbb-94da-3b7cc2f06ef6","Sunsilk Shampoo Black Shine 80ml","PC-SUN-BSH-80ML","PC-SUN-BSH-80ML","LEGACY_SKU_COPY","","","false","GTIN_NOT_VERIFIED","","","Bangladesh","LOW","AWAIT_PHYSICAL_PACK_INSPECTION","true","Legacy SKU copy in barcode field; physical pack inspection in store required to record actual manufacturer EAN/UPC"
"54a0494d-4fec-462a-bf46-5cf269be3777","Sunsilk Shampoo Hair Fall Solution","PC-SUN-HFS","PC-SUN-HFS","LEGACY_SKU_COPY","","","false","GTIN_NOT_VERIFIED","","","Bangladesh","LOW","AWAIT_PHYSICAL_PACK_INSPECTION","true","Legacy SKU copy in barcode field; physical pack inspection in store required to record actual manufacturer EAN/UPC"
"26061d59-f6ff-4da4-b4c2-bbb8bb536d3a","Sunsilk Shampoo Onion 375ml","PC-SUN-ONI-375ML","PC-SUN-ONI-375ML","LEGACY_SKU_COPY","","","false","GTIN_NOT_VERIFIED","","","Bangladesh","LOW","AWAIT_PHYSICAL_PACK_INSPECTION","true","Legacy SKU copy in barcode field; physical pack inspection in store required to record actual manufacturer EAN/UPC"
"c0d11fd9-b870-47c7-8217-5894fc07ffdc","Sunsilk Shampoo Thick & Long 170ml","PC-SUN-TKL-170ML","PC-SUN-TKL-170ML","LEGACY_SKU_COPY","","","false","GTIN_NOT_VERIFIED","","","Bangladesh","LOW","AWAIT_PHYSICAL_PACK_INSPECTION","true","Legacy SKU copy in barcode field; physical pack inspection in store required to record actual manufacturer EAN/UPC"
"24b5c8ee-554d-4969-8ff1-c48c8cd3767f","Sunsilk Shampoo Thick & Long 340ml","PC-SUN-TKL-340ML","PC-SUN-TKL-340ML","LEGACY_SKU_COPY","","","false","GTIN_NOT_VERIFIED","","","Bangladesh","LOW","AWAIT_PHYSICAL_PACK_INSPECTION","true","Legacy SKU copy in barcode field; physical pack inspection in store required to record actual manufacturer EAN/UPC"
"dd6d33c8-e583-401b-a1ef-9ca27d891282","Sunsilk Shampoo Thick & Long 5.25","PC-SUN-TKL","PC-SUN-TKL","LEGACY_SKU_COPY","","","false","GTIN_NOT_VERIFIED","","","Bangladesh","LOW","AWAIT_PHYSICAL_PACK_INSPECTION","true","Legacy SKU copy in barcode field; physical pack inspection in store required to record actual manufacturer EAN/UPC"
"002fbcb3-b693-44cd-b17f-03173e308b7c","Sunsilk Shampoo Volume 375ml","PC-SUN-VOL-375ML","PC-SUN-VOL-375ML","LEGACY_SKU_COPY","","","false","GTIN_NOT_VERIFIED","","","Bangladesh","LOW","AWAIT_PHYSICAL_PACK_INSPECTION","true","Legacy SKU copy in barcode field; physical pack inspection in store required to record actual manufacturer EAN/UPC"
"74a095d2-7bc8-4119-8668-b21419ccb30f","Surf Excel 1000g","CL-SFE-GEN-1000G","CL-SFE-GEN-1000G","LEGACY_SKU_COPY","","","false","GTIN_NOT_VERIFIED","","","Bangladesh","LOW","AWAIT_PHYSICAL_PACK_INSPECTION","true","Legacy SKU copy in barcode field; physical pack inspection in store required to record actual manufacturer EAN/UPC"
"cba70423-562a-4015-ad68-7bda173bcdd7","Surf Excel 180g","CL-SFE-GEN-180G","CL-SFE-GEN-180G","LEGACY_SKU_COPY","","","false","GTIN_NOT_VERIFIED","","","Bangladesh","LOW","AWAIT_PHYSICAL_PACK_INSPECTION","true","Legacy SKU copy in barcode field; physical pack inspection in store required to record actual manufacturer EAN/UPC"
"7e20f315-5073-4766-b37a-e8e2cf6d513c","Surf Excel 500g","CL-SFE-GEN-500G","CL-SFE-GEN-500G","LEGACY_SKU_COPY","","","false","GTIN_NOT_VERIFIED","","","Bangladesh","LOW","AWAIT_PHYSICAL_PACK_INSPECTION","true","Legacy SKU copy in barcode field; physical pack inspection in store required to record actual manufacturer EAN/UPC"
"aeb4879c-3a19-4c69-b9c6-d1375f4f609c","Surf Excel Fabric Solution Quick Wash 18g","CL-SFE-GEN-18G","CL-SFE-GEN-18G","LEGACY_SKU_COPY","","","false","GTIN_NOT_VERIFIED","","","Bangladesh","LOW","AWAIT_PHYSICAL_PACK_INSPECTION","true","Legacy SKU copy in barcode field; physical pack inspection in store required to record actual manufacturer EAN/UPC"
"fe5a9a42-7f29-4b56-b931-83d35ee182e6","Surf Excel Matic Liquid Top 1L","CL-SFE-GEN-1L","CL-SFE-GEN-1L","LEGACY_SKU_COPY","","","false","GTIN_NOT_VERIFIED","","","Bangladesh","LOW","AWAIT_PHYSICAL_PACK_INSPECTION","true","Legacy SKU copy in barcode field; physical pack inspection in store required to record actual manufacturer EAN/UPC"
"82a4162c-ffd3-4968-9879-645c856afa8e","Surf Excel Matic Liquid Top 500ml","CL-SFE-GEN-500ML","CL-SFE-GEN-500ML","LEGACY_SKU_COPY","","","false","GTIN_NOT_VERIFIED","","","Bangladesh","LOW","AWAIT_PHYSICAL_PACK_INSPECTION","true","Legacy SKU copy in barcode field; physical pack inspection in store required to record actual manufacturer EAN/UPC"
"56469b66-641c-4992-b8e9-de3a7bcfd664","Sylon Cha Pata 250gm","TC-SYL-CHP-250G","TC-SYL-CHP-250G","LEGACY_SKU_COPY","","","false","GTIN_NOT_VERIFIED","","","Bangladesh","LOW","AWAIT_PHYSICAL_PACK_INSPECTION","true","Legacy SKU copy in barcode field; physical pack inspection in store required to record actual manufacturer EAN/UPC"
"724e20cb-0fa4-4113-983d-ef0ed213fb77","Taaqa Juice","BV-TAQ-GEN","BV-TAQ-GEN","LEGACY_SKU_COPY","","","false","GTIN_NOT_VERIFIED","","","Bangladesh","LOW","AWAIT_PHYSICAL_PACK_INSPECTION","true","Legacy SKU copy in barcode field; physical pack inspection in store required to record actual manufacturer EAN/UPC"
"6ee8d55d-6f46-4364-8286-f6b699fdf364","Taaza 100g","TC-TAA-GEN-100G","TC-TAA-GEN-100G","LEGACY_SKU_COPY","","","false","GTIN_NOT_VERIFIED","","","Bangladesh","LOW","AWAIT_PHYSICAL_PACK_INSPECTION","true","Legacy SKU copy in barcode field; physical pack inspection in store required to record actual manufacturer EAN/UPC"
"0dee62d5-49e6-443d-819a-65a489492807","Taaza 400g","TC-TAA-GEN-400G","TC-TAA-GEN-400G","LEGACY_SKU_COPY","","","false","GTIN_NOT_VERIFIED","","","Bangladesh","LOW","AWAIT_PHYSICAL_PACK_INSPECTION","true","Legacy SKU copy in barcode field; physical pack inspection in store required to record actual manufacturer EAN/UPC"
"0c6fed87-4f54-46eb-befb-7fd088c65e8d","Taaza 500g","TC-TAA-GEN-500G","TC-TAA-GEN-500G","LEGACY_SKU_COPY","","","false","GTIN_NOT_VERIFIED","","","Bangladesh","LOW","AWAIT_PHYSICAL_PACK_INSPECTION","true","Legacy SKU copy in barcode field; physical pack inspection in store required to record actual manufacturer EAN/UPC"
"9a72e58f-7039-4b10-a111-b3c1c63293f1","Taaza 500g 3 star","TC-TAA-GEN-500G-1","TC-TAA-GEN-500G-1","LEGACY_SKU_COPY","","","false","GTIN_NOT_VERIFIED","","","Bangladesh","LOW","AWAIT_PHYSICAL_PACK_INSPECTION","true","Legacy SKU copy in barcode field; physical pack inspection in store required to record actual manufacturer EAN/UPC"
"90f81ddc-ef1d-4c1a-84f8-c67b6b88760c","Taaza 50g","TC-TAA-GEN-50G","TC-TAA-GEN-50G","LEGACY_SKU_COPY","","","false","GTIN_NOT_VERIFIED","","","Bangladesh","LOW","AWAIT_PHYSICAL_PACK_INSPECTION","true","Legacy SKU copy in barcode field; physical pack inspection in store required to record actual manufacturer EAN/UPC"
"0df824fc-9abc-4aff-85ce-6ca3b128c5c1","Taaza Tea Bag","TC-TAA-TBG","TC-TAA-TBG","LEGACY_SKU_COPY","","","false","GTIN_NOT_VERIFIED","","","Bangladesh","LOW","AWAIT_PHYSICAL_PACK_INSPECTION","true","Legacy SKU copy in barcode field; physical pack inspection in store required to record actual manufacturer EAN/UPC"
"69a5a733-90f3-4721-8b45-3e08f3abf05e","Tang Orange Jar 750gm","BV-TNG-ORJ-750G","BV-TNG-ORJ-750G","LEGACY_SKU_COPY","","","false","GTIN_NOT_VERIFIED","","","Bangladesh","LOW","AWAIT_PHYSICAL_PACK_INSPECTION","true","Legacy SKU copy in barcode field; physical pack inspection in store required to record actual manufacturer EAN/UPC"
"9422f945-016a-4fe6-87b5-5d348536c0f5","Tang Orange Refill Pack 200gm","BV-TNG-ORR-200G","BV-TNG-ORR-200G","LEGACY_SKU_COPY","","","false","GTIN_NOT_VERIFIED","","","Bangladesh","LOW","AWAIT_PHYSICAL_PACK_INSPECTION","true","Legacy SKU copy in barcode field; physical pack inspection in store required to record actual manufacturer EAN/UPC"
"d5167994-b606-4e7d-8445-93a3aab589bc","Tang Orange Refill Pack 500gm","BV-TNG-ORR-500G","BV-TNG-ORR-500G","LEGACY_SKU_COPY","","","false","GTIN_NOT_VERIFIED","","","Bangladesh","LOW","AWAIT_PHYSICAL_PACK_INSPECTION","true","Legacy SKU copy in barcode field; physical pack inspection in store required to record actual manufacturer EAN/UPC"
"b48bf15b-d5c9-4cb5-8d4d-d356cc8a3e6c","Tastemaker - Tasting Salt","CK-TSM-GEN","CK-TSM-GEN","LEGACY_SKU_COPY","","","false","GTIN_NOT_VERIFIED","","","Bangladesh","LOW","AWAIT_PHYSICAL_PACK_INSPECTION","true","Legacy SKU copy in barcode field; physical pack inspection in store required to record actual manufacturer EAN/UPC"
"4ac85021-7c35-44cc-802a-2370cc0e40d5","Tip - Family Pack","BC-TIP-GEN-1","BC-TIP-GEN-1","LEGACY_SKU_COPY","","","false","GTIN_NOT_VERIFIED","","","Bangladesh","LOW","AWAIT_PHYSICAL_PACK_INSPECTION","true","Legacy SKU copy in barcode field; physical pack inspection in store required to record actual manufacturer EAN/UPC"
"a8a44253-31cd-4a0e-8e55-42d17e3c3aef","Tip -Standard Pack","BC-TIP-GEN","BC-TIP-GEN","LEGACY_SKU_COPY","","","false","GTIN_NOT_VERIFIED","","","Bangladesh","LOW","AWAIT_PHYSICAL_PACK_INSPECTION","true","Legacy SKU copy in barcode field; physical pack inspection in store required to record actual manufacturer EAN/UPC"
"b4da7e6a-a2bf-4e15-a499-70ab5c1357e0","Toffeeto Chocolate","CC-TFT-CHL","CC-TFT-CHL","LEGACY_SKU_COPY","","","false","GTIN_NOT_VERIFIED","","","Bangladesh","LOW","AWAIT_PHYSICAL_PACK_INSPECTION","true","Legacy SKU copy in barcode field; physical pack inspection in store required to record actual manufacturer EAN/UPC"
"a31902eb-cb5d-4d6b-9a30-664f2024dcdc","Tomato Ketchup Small","CD-KZF-TMK","CD-KZF-TMK","LEGACY_SKU_COPY","","","false","GTIN_NOT_VERIFIED","","","Bangladesh","LOW","AWAIT_PHYSICAL_PACK_INSPECTION","true","Legacy SKU copy in barcode field; physical pack inspection in store required to record actual manufacturer EAN/UPC"
"cff248f9-d1d3-4adc-aa72-2600262349fe","Transtac LED Bright 18w Churi","EL-TTC-CHR","EL-TTC-CHR","LEGACY_SKU_COPY","","","false","GTIN_NOT_VERIFIED","","","Bangladesh","LOW","AWAIT_PHYSICAL_PACK_INSPECTION","true","Legacy SKU copy in barcode field; physical pack inspection in store required to record actual manufacturer EAN/UPC"
"4987567e-7ed1-4a45-961c-c133afdcd49c","Transtec Backup 10w Churi","EL-TTC-CHR-2","EL-TTC-CHR-2","LEGACY_SKU_COPY","","","false","GTIN_NOT_VERIFIED","","","Bangladesh","LOW","AWAIT_PHYSICAL_PACK_INSPECTION","true","Legacy SKU copy in barcode field; physical pack inspection in store required to record actual manufacturer EAN/UPC"
"4a2d3ad5-edc8-4c4c-abb8-78feee23f067","Transtec Backup 10w Pin","EL-TTC-PN-3","EL-TTC-PN-3","LEGACY_SKU_COPY","","","false","GTIN_NOT_VERIFIED","","","Bangladesh","LOW","AWAIT_PHYSICAL_PACK_INSPECTION","true","Legacy SKU copy in barcode field; physical pack inspection in store required to record actual manufacturer EAN/UPC"
"234ead95-6e5e-496b-99e7-27fa37d80061","Transtec Backup 15w Churi","EL-TTC-CHR-3","EL-TTC-CHR-3","LEGACY_SKU_COPY","","","false","GTIN_NOT_VERIFIED","","","Bangladesh","LOW","AWAIT_PHYSICAL_PACK_INSPECTION","true","Legacy SKU copy in barcode field; physical pack inspection in store required to record actual manufacturer EAN/UPC"
"e32d5af3-154e-4a26-97bc-d5dca00f4a5c","Transtec Backup 15w Pin","EL-TTC-PN-4","EL-TTC-PN-4","LEGACY_SKU_COPY","","","false","GTIN_NOT_VERIFIED","","","Bangladesh","LOW","AWAIT_PHYSICAL_PACK_INSPECTION","true","Legacy SKU copy in barcode field; physical pack inspection in store required to record actual manufacturer EAN/UPC"
"fe9dadd4-2ccf-4169-a006-b12b4bc61c6c","Transtec LED Bright 13w Churi","EL-TTC-CHR-1","EL-TTC-CHR-1","LEGACY_SKU_COPY","","","false","GTIN_NOT_VERIFIED","","","Bangladesh","LOW","AWAIT_PHYSICAL_PACK_INSPECTION","true","Legacy SKU copy in barcode field; physical pack inspection in store required to record actual manufacturer EAN/UPC"
"d5f378a3-ee76-444a-a7d9-f6225c955e4c","Transtec LED Bright 15w Pin","EL-TTC-PN","EL-TTC-PN","LEGACY_SKU_COPY","","","false","GTIN_NOT_VERIFIED","","","Bangladesh","LOW","AWAIT_PHYSICAL_PACK_INSPECTION","true","Legacy SKU copy in barcode field; physical pack inspection in store required to record actual manufacturer EAN/UPC"
"6983ad26-335f-4ad0-bba4-48c4a74b55e4","Transtec LED Bright 18w Pin","EL-TTC-PN-1","EL-TTC-PN-1","LEGACY_SKU_COPY","","","false","GTIN_NOT_VERIFIED","","","Bangladesh","LOW","AWAIT_PHYSICAL_PACK_INSPECTION","true","Legacy SKU copy in barcode field; physical pack inspection in store required to record actual manufacturer EAN/UPC"
"f4ca9550-082d-44c8-a5c4-334a78da83d7","Transtec LED Bright 9w Pin","EL-TTC-PN-2","EL-TTC-PN-2","LEGACY_SKU_COPY","","","false","GTIN_NOT_VERIFIED","","","Bangladesh","LOW","AWAIT_PHYSICAL_PACK_INSPECTION","true","Legacy SKU copy in barcode field; physical pack inspection in store required to record actual manufacturer EAN/UPC"
"6014d34c-d9a3-4aa4-ad2f-7e56b9112da9","Transtec Mosquito Bat","EL-TTC-MSB","EL-TTC-MSB","LEGACY_SKU_COPY","","","false","GTIN_NOT_VERIFIED","","","Bangladesh","LOW","AWAIT_PHYSICAL_PACK_INSPECTION","true","Legacy SKU copy in barcode field; physical pack inspection in store required to record actual manufacturer EAN/UPC"
"97337670-7e05-4640-9dff-00118dfb267c","Tresemme Keratin 190ml","PC-TRS-KER-190ML","PC-TRS-KER-190ML","LEGACY_SKU_COPY","","","false","GTIN_NOT_VERIFIED","","","Bangladesh","LOW","AWAIT_PHYSICAL_PACK_INSPECTION","true","Legacy SKU copy in barcode field; physical pack inspection in store required to record actual manufacturer EAN/UPC"
"87f0882b-3a16-4891-819f-0f164396e3d4","Tresemme Shampoo Color Revitalized 580ml","PC-TRS-CLR-580ML","PC-TRS-CLR-580ML","LEGACY_SKU_COPY","","","false","GTIN_NOT_VERIFIED","","","Bangladesh","LOW","AWAIT_PHYSICAL_PACK_INSPECTION","true","Legacy SKU copy in barcode field; physical pack inspection in store required to record actual manufacturer EAN/UPC"
"70041131-c562-46ea-8006-662e23f51707","Tresemme Shampoo Keratin Smooth 185ml","PC-TRS-KSM-185ML","PC-TRS-KSM-185ML","LEGACY_SKU_COPY","","","false","GTIN_NOT_VERIFIED","","","Bangladesh","LOW","AWAIT_PHYSICAL_PACK_INSPECTION","true","Legacy SKU copy in barcode field; physical pack inspection in store required to record actual manufacturer EAN/UPC"
"434ff6d7-a380-48a6-9516-47577f3e75f9","Tresemme Shampoo Keratin Smooth 340ml","PC-TRS-KSM-340ML","PC-TRS-KSM-340ML","LEGACY_SKU_COPY","","","false","GTIN_NOT_VERIFIED","","","Bangladesh","LOW","AWAIT_PHYSICAL_PACK_INSPECTION","true","Legacy SKU copy in barcode field; physical pack inspection in store required to record actual manufacturer EAN/UPC"
"5b214258-3bf9-4a99-9c58-0f95e1a7930e","Trident Pineapple Twist Chewing Gum","CC-TRI-14","CC-TRI-14","LEGACY_SKU_COPY","","","false","GTIN_NOT_VERIFIED","","","Bangladesh","LOW","AWAIT_PHYSICAL_PACK_INSPECTION","true","Legacy SKU copy in barcode field; physical pack inspection in store required to record actual manufacturer EAN/UPC"
"5c3c16ce-c08a-41a1-bab0-a779ef1e09b1","Twinings Green Tea & Ginger 20 Bags - 40g","TC-TWN-GEN-40G","TC-TWN-GEN-40G","LEGACY_SKU_COPY","","","false","GTIN_NOT_VERIFIED","","","Bangladesh","LOW","AWAIT_PHYSICAL_PACK_INSPECTION","true","Legacy SKU copy in barcode field; physical pack inspection in store required to record actual manufacturer EAN/UPC"
"1602b5c7-b4cc-4a29-8f0c-992bdbff6aeb","Twinings Green Tea & lemon - 25 Bags","TC-TWN-GEN-1","TC-TWN-GEN-1","LEGACY_SKU_COPY","","","false","GTIN_NOT_VERIFIED","","","Bangladesh","LOW","AWAIT_PHYSICAL_PACK_INSPECTION","true","Legacy SKU copy in barcode field; physical pack inspection in store required to record actual manufacturer EAN/UPC"
"4ff45571-d61a-4300-ba5e-5bfedd9d7b8a","Twinings Green Tea Earl Grey 20 Bags - 40g","TC-TWN-GEN-40G-1","TC-TWN-GEN-40G-1","LEGACY_SKU_COPY","","","false","GTIN_NOT_VERIFIED","","","Bangladesh","LOW","AWAIT_PHYSICAL_PACK_INSPECTION","true","Legacy SKU copy in barcode field; physical pack inspection in store required to record actual manufacturer EAN/UPC"
"115c5a24-a16d-41d9-b062-010b7c9f3ff3","Twinings Green Tea Jasmine - 25 Bags","TC-TWN-GEN","TC-TWN-GEN","LEGACY_SKU_COPY","","","false","GTIN_NOT_VERIFIED","","","Bangladesh","LOW","AWAIT_PHYSICAL_PACK_INSPECTION","true","Legacy SKU copy in barcode field; physical pack inspection in store required to record actual manufacturer EAN/UPC"
"0419b9c3-1c2e-4c7e-8e6b-fa9cf08a46ef","Twinings Pure Green Tea 25 Bags - 50g","TC-TWN-GEN-50G","TC-TWN-GEN-50G","LEGACY_SKU_COPY","","","false","GTIN_NOT_VERIFIED","","","Bangladesh","LOW","AWAIT_PHYSICAL_PACK_INSPECTION","true","Legacy SKU copy in barcode field; physical pack inspection in store required to record actual manufacturer EAN/UPC"
"46e5d1d5-75e3-4c58-9c71-9de5b6b4dd46","Vim Dish Washing Bar 125g","CL-VIM-GEN-125G","CL-VIM-GEN-125G","LEGACY_SKU_COPY","","","false","GTIN_NOT_VERIFIED","","","Bangladesh","LOW","AWAIT_PHYSICAL_PACK_INSPECTION","true","Legacy SKU copy in barcode field; physical pack inspection in store required to record actual manufacturer EAN/UPC"
"e7a5ffa9-c462-4170-9998-350b43e15452","Vim Dish Washing Bar 300g","CL-VIM-GEN-300G","CL-VIM-GEN-300G","LEGACY_SKU_COPY","","","false","GTIN_NOT_VERIFIED","","","Bangladesh","LOW","AWAIT_PHYSICAL_PACK_INSPECTION","true","Legacy SKU copy in barcode field; physical pack inspection in store required to record actual manufacturer EAN/UPC"
"64567924-5ec5-4b17-a53c-e3aa5943951d","Vim Dish Washing Liquid 1L","CL-VIM-GEN-1L","CL-VIM-GEN-1L","LEGACY_SKU_COPY","","","false","GTIN_NOT_VERIFIED","","","Bangladesh","LOW","AWAIT_PHYSICAL_PACK_INSPECTION","true","Legacy SKU copy in barcode field; physical pack inspection in store required to record actual manufacturer EAN/UPC"
"bce86be8-2202-4a7e-b493-f05f4790883e","Vim Dish Washing Liquid 200ml","CL-VIM-GEN-200ML","CL-VIM-GEN-200ML","LEGACY_SKU_COPY","","","false","GTIN_NOT_VERIFIED","","","Bangladesh","LOW","AWAIT_PHYSICAL_PACK_INSPECTION","true","Legacy SKU copy in barcode field; physical pack inspection in store required to record actual manufacturer EAN/UPC"
"88811070-b1c3-4ce4-835a-42d6a3b69307","Vim Dish Washing Liquid 475ml","CL-VIM-GEN-475ML","CL-VIM-GEN-475ML","LEGACY_SKU_COPY","","","false","GTIN_NOT_VERIFIED","","","Bangladesh","LOW","AWAIT_PHYSICAL_PACK_INSPECTION","true","Legacy SKU copy in barcode field; physical pack inspection in store required to record actual manufacturer EAN/UPC"
"72e98c5b-b9f1-4fdd-bec0-bce4b9008df7","Vim Dish Washing Powder 500g","CL-VIM-PWD-500G","CL-VIM-PWD-500G","LEGACY_SKU_COPY","","","false","GTIN_NOT_VERIFIED","","","Bangladesh","LOW","AWAIT_PHYSICAL_PACK_INSPECTION","true","Legacy SKU copy in barcode field; physical pack inspection in store required to record actual manufacturer EAN/UPC"
"1bfe7420-261d-4628-91ee-47143a34f6b3","Vim Jumbo Size Steel Scourer - (2 Pkt Bundle)","CL-VIM-STC","CL-VIM-STC","LEGACY_SKU_COPY","","","false","GTIN_NOT_VERIFIED","","","Bangladesh","LOW","AWAIT_PHYSICAL_PACK_INSPECTION","true","Legacy SKU copy in barcode field; physical pack inspection in store required to record actual manufacturer EAN/UPC"
"723a8b09-9fc6-4b04-a112-e6d6d88b3c68","Volt Pencil Battery UM-3","EL-VLT-GEN","EL-VLT-GEN","LEGACY_SKU_COPY","","","false","GTIN_NOT_VERIFIED","","","Bangladesh","LOW","AWAIT_PHYSICAL_PACK_INSPECTION","true","Legacy SKU copy in barcode field; physical pack inspection in store required to record actual manufacturer EAN/UPC"
"9c7d6e8d-9dda-4185-8b03-62efd0e079f1","Volt Pencil Battery UM-4","EL-VLT-GEN-1","EL-VLT-GEN-1","LEGACY_SKU_COPY","","","false","GTIN_NOT_VERIFIED","","","Bangladesh","LOW","AWAIT_PHYSICAL_PACK_INSPECTION","true","Legacy SKU copy in barcode field; physical pack inspection in store required to record actual manufacturer EAN/UPC"
"23cbff8f-5013-4c92-bf69-2188466daf1d","Wheel Fabric Solutions Clean and Fresh 200g","CL-WHL-GEN-200G","CL-WHL-GEN-200G","LEGACY_SKU_COPY","","","false","GTIN_NOT_VERIFIED","","","Bangladesh","LOW","AWAIT_PHYSICAL_PACK_INSPECTION","true","Legacy SKU copy in barcode field; physical pack inspection in store required to record actual manufacturer EAN/UPC"
"55a4441c-4b67-4927-a5e6-ddd0462b4b95","Wheel Fabric Solutions Laundry Soap 125g","CL-WHL-GEN-125G","CL-WHL-GEN-125G","LEGACY_SKU_COPY","","","false","GTIN_NOT_VERIFIED","","","Bangladesh","LOW","AWAIT_PHYSICAL_PACK_INSPECTION","true","Legacy SKU copy in barcode field; physical pack inspection in store required to record actual manufacturer EAN/UPC"
"df5d3312-6c78-40c9-af53-98f7c04d2d78","Yardley London English Blossom Deodorant Roll On - 50ml","PC-YRD-GEN-50ML","PC-YRD-GEN-50ML","LEGACY_SKU_COPY","","","false","GTIN_NOT_VERIFIED","","","Bangladesh","LOW","AWAIT_PHYSICAL_PACK_INSPECTION","true","Legacy SKU copy in barcode field; physical pack inspection in store required to record actual manufacturer EAN/UPC"